USE LuciaHT;
GO

-- KH (Dữ liệu khách hàng) - Đã xóa dữ liệu rác để chuẩn bị tạo dữ liệu thực tế.
-- Cấu trúc: INSERT INTO KH (maKH, tenKH, soDT, ngaySinh, soCCCD, email) VALUES ...
-- NV
-- Thứ tự cột: maNV, hoTen, soDT, soCCCD, diaChi, ngaySinh, ngayVaoLam, trinhDo, mk, role, trangThai, maQL
INSERT INTO NV (maNV, hoTen, soDT, soCCCD, diaChi, ngaySinh, ngayVaoLam, trinhDo, mk, role, trangThai, maQL) VALUES
('ADMIN',   N'LUCIA OWNER',         NULL,          NULL,           NULL,       NULL,         NULL,         NULL,        '123', N'ADMIN',     NULL,        NULL),
('LUCIA001',N'Phạm Lê Khánh An',   '0365755828',  '079090909090', N'TP.HCM', '1990-06-07', '2024-02-01', N'DAIHOC',   '123', N'QUAN_LY',   'CON_LAM',   'ADMIN'),
('LUCIA002',N'Hoàng Văn Hưng',       '0365755829',  '079090909091', N'Hà Nội', '1990-04-12', '2024-02-01', N'DAIHOC',   '123', N'QUAN_LY',   'CON_LAM',   'ADMIN'),
('LUCIA003',N'Lưu Anh',             '0355558888',  '079300348888', N'TP.HCM', '2000-05-05', '2024-02-15', N'DAIHOC',   '123', N'NHAN_VIEN', 'CON_LAM',   'LUCIA001'),
('LUCIA004',N'Trần Văn A',          '0344448888',  '079200828290', N'Đà Nẵng', '2000-02-02', '2024-03-01', N'CAODANG',  '123', N'NHAN_VIEN', 'CON_LAM',   'LUCIA001'),
('LUCIA005',N'Nguyễn Thị Bằng',      '0344448889',  '079300828291', N'Cần Thơ', '2000-11-20', '2024-03-15', N'CAODANG',  '123', N'NHAN_VIEN', 'CON_LAM',   'LUCIA001'),
('LUCIA006',N'Lê Minh Cường',        '0344448890',  '079200828292', N'Hải Phòng', '2000-08-14', '2024-04-01', N'THPT',  '123', N'NHAN_VIEN', 'CON_LAM',   'LUCIA001'),
('LUCIA007',N'Phan Thị Duyên',       '0344448891',  '079105828293', N'Nha Trang', '2005-01-10', '2024-04-10', N'DAIHOC',   '123', N'NHAN_VIEN', 'CON_LAM',   'LUCIA001'),
('LUCIA008',N'Võ Thanh Tú',          '0344448892',  '079203828294', N'Vũng Tàu', '2003-07-22', '2024-05-01', N'CAODANG',  '123', N'NHAN_VIEN', 'CON_LAM',   'LUCIA002'),
('LUCIA009',N'Đinh Khải Hoàn',       '0344448893',  '079201828295', N'TP.HCM', '2001-09-09', '2024-05-15', N'DAIHOC',   '123', N'NHAN_VIEN', 'CON_LAM',   'LUCIA002'),
('LUCIA010',N'Trịnh Ngọc Hà',        '0344448894',  '079197828296', N'Đà Lạt', '1997-12-25', '2024-06-01', N'CAODANG',  '123', N'NHAN_VIEN', 'CON_LAM',   'LUCIA002'),
('LUCIA011',N'Lý Quang Vinh',        '0344448895',  '079200828297', N'Hà Tĩnh', '2000-03-30', '2024-06-15', N'THPT',  '123', N'NHAN_VIEN', 'CON_LAM',   'LUCIA002'),
('LUCIA012',N'Bùi Tuấn Phong',       '0344448896',  '079096828298', N'TP.HCM', '1996-05-12', '2024-07-01', N'DAIHOC',   '123', N'NHAN_VIEN', 'CON_LAM',   'LUCIA002');

-- LoaiPhong
-- Thứ tự cột: maLoaiPhong, gia, sucChua
INSERT INTO LoaiPhong (maLoaiPhong, gia, sucChua) VALUES
('SINGLE', 300000, 1),
('DOUBLE', 500000, 2),
('TWIN',   600000, 2),
('TRIPLE', 700000, 3),
('FAMILY', 1000000, 4);

-- Phong
INSERT INTO Phong (maPhong, tenPhong, loaiPhong, tinhTrang, soPhong, soTang) VALUES
('P101', N'Phòng 101', 'SINGLE', N'CONTRONG',   101, 1),
('P102', N'Phòng 102', 'DOUBLE', N'CONTRONG', 102, 1),
('P103', N'Phòng 103', 'TWIN',   N'CONTRONG',   103, 1),
('P104', N'Phòng 104', 'TRIPLE', N'CONTRONG',   104, 1),
('P105', N'Phòng 105', 'FAMILY', N'CONTRONG',   105, 1),
('P201', N'Phòng 201', 'SINGLE', N'CONTRONG',   201, 2),
('P202', N'Phòng 202', 'DOUBLE', N'CONTRONG',   202, 2),
('P203', N'Phòng 203', 'TWIN',   N'CONTRONG',   203, 2),
('P204', N'Phòng 204', 'TRIPLE', N'CONTRONG',   204, 2),
('P205', N'Phòng 205', 'FAMILY', N'CONTRONG',   205, 2),
('P301', N'Phòng 301', 'SINGLE', N'CONTRONG',   301, 3),
('P302', N'Phòng 302', 'DOUBLE', N'CONTRONG',   302, 3),
('P303', N'Phòng 303', 'TWIN',   N'CONTRONG',   303, 3),
('P304', N'Phòng 304', 'TRIPLE', N'CONTRONG',   304, 3),
('P305', N'Phòng 305', 'FAMILY', N'CONTRONG',   305, 3),
('P401', N'Phòng 401', 'SINGLE', N'CONTRONG',   401, 4),
('P402', N'Phòng 402', 'DOUBLE', N'CONTRONG',   402, 4),
('P403', N'Phòng 403', 'TWIN',   N'CONTRONG',   403, 4),
('P404', N'Phòng 404', 'TRIPLE', N'CONTRONG',   404, 4),
('P405', N'Phòng 405', 'FAMILY', N'CONTRONG',   405, 4),
('P501', N'Phòng 501', 'SINGLE', N'CONTRONG',   501, 5),
('P502', N'Phòng 502', 'DOUBLE', N'CONTRONG',   502, 5),
('P503', N'Phòng 503', 'TWIN',   N'CONTRONG',   503, 5),
('P504', N'Phòng 504', 'TRIPLE', N'CONTRONG',   504, 5),
('P505', N'Phòng 505', 'FAMILY', N'CONTRONG',   505, 5);

-- DatPhong (Đặt phòng) - Đã xóa dữ liệu rác để chuẩn bị tạo dữ liệu thực tế.
-- Cấu trúc: INSERT INTO DatPhong (maDat, ngayDat, maKH, ngayCheckIn, ngayCheckOut, trangThai) VALUES ...

-- ChiTietDatPhong - Đã xóa dữ liệu rác.
-- Cấu trúc: INSERT INTO ChiTietDatPhong (maCTDP, maPhong, maDat, giaCoc, soNguoi, ghiChu) VALUES ...


-- LoaiDichVu
INSERT INTO LoaiDichVu (maLoaiDV, tenLoaiDV) VALUES
('THUC_PHAM', N'Thực phẩm'),
('GIAI_TRI', N'Giải trí'),
('SUC_KHOE', N'Sức khỏe'),
('TIEN_ICH', N'Tiện ích');

-- DV
-- Thứ tự cột: maDV, tenDV, gia, maLoaiDV, mieuTa, donVi, trangThai
INSERT INTO DV (maDV, tenDV, gia, maLoaiDV, mieuTa, donVi, trangThai) VALUES
('DV001', N'Nước suối',  NULL,  N'THUC_PHAM', N'Chai 500ml',    N'Chai', 0),
('DV002', N'Cơm chiên hải sản', NULL,  N'THUC_PHAM', N'Phần 1 người', N'Suất', 0),
('DV003', N'Giặt ủi',   NULL,  N'TIEN_ICH',  N'Gói giặt ủi',  N'Lần',  0),
('DV004', N'Nước ngọt lon', NULL, N'THUC_PHAM', N'Coca/Pepsi 330ml', N'Lon', 0),
('DV005', N'Bia Heineken',  NULL, N'THUC_PHAM', N'Bia lon 330ml',    N'Lon', 0),
('DV006', N'Mì ly',         NULL, N'THUC_PHAM', N'Các loại mì ly',   N'Ly',  0),
('DV007', N'Thuê xe máy',  NULL, N'TIEN_ICH',  N'Xe ga/xe số/ngày', N'Ngày',0),
('DV008', N'Đưa đón sân bay',NULL,N'TIEN_ICH', N'1 chiều/xe 4 chỗ', N'Chuyến',0),
('DV009', N'Bò bít tết',   NULL, N'THUC_PHAM', N'Bò Mỹ kèm khoai tây',N'Phần', 0),
('DV010', N'Bữa tối tại phòng',NULL,N'THUC_PHAM',N'Menu VIP 2 người',N'Suất', 0),
('DV011', N'Spa thư giãn', NULL, N'SUC_KHOE', N'Gói massage 60 phút', N'Lượt', 0),
('DV012', N'Karaoke VIP',  NULL, N'GIAI_TRI', N'Phòng 2 giờ kèm nước', N'Phòng', 0);

-- HoaDon - Đã xóa dữ liệu rác.
-- Cấu trúc: INSERT INTO HoaDon (maHD, maDat, maNV, ngayTaoHD, tienPhong, tienDV, tienCoc, thueVAT, tongTien, loaiHD, trangThaiThanhToan, ngayThanhToan) VALUES ...

-- ChiTietHoaDon - Đã xóa dữ liệu rác.
-- Cấu trúc: INSERT INTO ChiTietHoaDon (maCTHD, maHD, maCTDP, thoiGianLuuTru, thanhTien) VALUES ...

-- DichVuSuDung - Đã xóa dữ liệu rác.
-- Cấu trúc: INSERT INTO DichVuSuDung (maDV, maCTDP, ngaySuDung, soLuong, giaDV, trangThai) VALUES ...

-- BangGiaDV_Header - Đã xóa dữ liệu rác.
-- Cấu trúc: INSERT INTO BangGiaDV_Header (maBangGia, tenBangGia, ngayApDung, ngayHetHieuLuc, trangThai) VALUES ...
INSERT INTO BangGiaDV_Header (maBangGia, tenBangGia, ngayApDung, ngayHetHieuLuc, trangThai) VALUES
('BG001', N'Bảng giá quý 1', '2026-01-01', '2026-03-31', 1),
('BG002', N'Bảng giá quý 2', '2026-04-01', '2026-06-30', 0);
-- BangGiaDV_Detail - Đã xóa dữ liệu rác.
-- Cấu trúc: INSERT INTO BangGiaDV_Detail (maBangGia, maDV, giaDV) VALUES ...
INSERT INTO BangGiaDV_Detail (maBangGia, maDV, giaDV) VALUES
('BG001', 'DV001', 15000.00),
('BG001', 'DV002', 80000.00),
('BG001', 'DV003', 100000.00),
('BG001', 'DV004', 20000.00),
('BG001', 'DV005', 30000.00),
('BG001', 'DV006', 20000.00),
('BG001', 'DV007', 100000.00),
('BG001', 'DV008', 200000.00),
('BG001', 'DV009', 200000.00),
('BG001', 'DV010', 300000.00),
('BG001', 'DV011', 400000.00),
('BG001', 'DV012', 400000.00),
('BG002', 'DV001', 10000.00),
('BG002', 'DV002', 50000.00),
('BG002', 'DV005', 25000.00),
('BG002', 'DV006', 20000.00),
('BG002', 'DV007', 100000.00),
('BG002', 'DV010', 150000.00),
('BG002', 'DV011', 400000.00);


-- [BẢNG KHÁCH HÀNG]
INSERT INTO KH (maKH, tenKH, soDT, ngaySinh, soCCCD) VALUES
('KH001', N'Đặng Nguyễn Thành Công', '0335363636', '2004-09-07', '079204363636'),
('KH002', N'Võ Hà My', '0335353535', '2008-04-01', '079308353535'),
('KH003', N'Lê Minh Cường', '0933445566', '1997-04-10', '079097223344'),
('KH004', N'Võ Tuấn Kiệt', '0922222222', '2005-04-07', '079205111111'),
('KH005', N'Vũ Minh Hiếu', '0944444444', '2000-04-13', '079200333333'),
('KH006', N'Trần Thị Mai', '0912345678', '1995-12-12', '079095123456'),
('KH007', N'Nguyễn Hoàng Lan', '0923456789', '1998-05-20', '079098654321'),
('KH008', N'Lý Bảo Nam', '0934567890', '2001-08-15', '079201789012'),
('KH009', N'Đỗ Quốc Việt', '0945678901', '1999-11-20', '079199321098'),
('KH010', N'Phan Ngọc Trâm', '0956789012', '2002-02-14', '079202112233'),
('KH011', N'Lê Thị Hoa', '0967890123', '1993-07-07', '079093003344'),
('KH012', N'Võ Hữu Luân', '0978901234', '1990-10-10', '079090665544'),
('KH013', N'Đặng Lê Minh', '0989012345', '2004-03-03', '079204001122'),
('KH014', N'Trần Gia Bảo', '0990123456', '2005-01-22', '079205335577'),
('KH015', N'Bùi Thu Thảo', '0331112223', '1999-06-30', '079199554433'),
('KH016', N'Phạm Thị Thi', '0325108603', '1984-03-24', '079084809570'),
('KH017', N'Lê Thành Công', '0912571945', '1983-04-17', '079083688508'),
('KH018', N'Phan Thành Lâm', '0385667265', '1970-03-23', '079170456778'),
('KH019', N'Võ Minh Kiệt', '0826647119', '1976-02-13', '079076476417'),
('KH020', N'Đỗ Tuấn Trâm', '0928707870', '2004-02-13', '079204678856'),
('KH021', N'Đặng Đình Khánh', '0972166941', '1972-11-08', '079172183667'),
('KH022', N'Vũ Thanh Trí', '0328606962', '1993-03-12', '079193319684'),
('KH023', N'Võ Hữu Linh', '0773871230', '2004-12-08', '079204584714'),
('KH024', N'Hồ Tuấn Mai', '0794684531', '1990-01-08', '079090944151'),
('KH025', N'Bùi Quốc Phong', '0934539704', '2006-12-11', '079206787277'),
('KH026', N'Lý Quốc Nhi', '0383396987', '1986-03-08', '079186883300'),
('KH027', N'Ngô Quốc Thịnh', '0983320821', '2002-08-03', '079202214975'),
('KH028', N'Hoàng Ngọc Tiên', '0788082668', '1974-07-13', '079174654816'),
('KH029', N'Võ Thị Phương', '0812921859', '2004-05-25', '079304216970'),
('KH030', N'Đặng Thành Huy', '0381054447', '1986-09-25', '079086632342'),
('KH031', N'Phạm Hoàng Uyên', '0779517169', '1982-03-12', '079082665579'),
('KH032', N'Nguyễn Quang Diệp', '0912876828', '1993-05-08', '079093352572'),
('KH033', N'Lê Hữu Thảo', '0392161193', '2004-03-05', '079304676510'),
('KH034', N'Huỳnh Tuấn Hân', '0858099076', '1983-09-25', '079083847581'),
('KH035', N'Đặng Quốc Nhung', '0777264956', '1998-09-15', '079098359947'),
('KH036', N'Vũ Hữu Thắng', '0914860684', '1984-01-03', '079084340062'),
('KH037', N'Lê Văn Vy', '0342188789', '2002-04-09', '079302324643'),
('KH038', N'Hoàng Phúc Long', '0838935169', '1996-04-04', '079096790993'),
('KH039', N'Ngô Đình Tín', '0378835373', '1973-11-21', '079073163556'),
('KH040', N'Hồ Quang Trâm', '0852833230', '1985-04-07', '079185246991'),
('KH041', N'Ngô Ngọc Phong', '0385191056', '1974-08-26', '079074153045'),
('KH042', N'Nguyễn Hữu Thu', '0854965789', '1980-07-16', '079180324130'),
('KH043', N'Hồ Văn Huy', '0361036161', '1994-05-26', '079194399105'),
('KH044', N'Ngô Phúc Hùng', '0975977931', '1983-01-19', '079083884309'),
('KH045', N'Bùi Văn Cường', '0708999183', '2002-09-06', '079202632496'),
('KH046', N'Lê Ngọc Dũng', '0762140194', '1985-07-04', '079085707040'),
('KH047', N'Trần Hữu Tâm', '0789770838', '1990-05-07', '079190350280'),
('KH048', N'Võ Quốc Hải', '0786033115', '1999-06-25', '079099109767'),
('KH049', N'Dương Thanh Dũng', '0584576135', '2002-05-05', '079302172132'),
('KH050', N'Vũ Đình Phúc', '0968351517', '2004-12-10', '079204800305'),
('KH051', N'Đặng Thanh Hải', '0322936571', '1976-12-18', '079076385577'),
('KH052', N'Đặng Gia Quỳnh', '0344415796', '1986-09-16', '079186987204'),
('KH053', N'Trần Hữu Mai', '0375641923', '1972-01-11', '079072768061'),
('KH054', N'Võ Ngọc Thi', '0388175395', '2005-01-04', '079205824586'),
('KH055', N'Hoàng Văn Uyên', '0353484601', '1997-03-02', '079197482364'),
('KH056', N'Trần Đình Kiệt', '0785186414', '1976-06-25', '079176750810'),
('KH057', N'Hoàng Bảo Vy', '0963970445', '1996-01-06', '079196920391'),
('KH058', N'Ngô Bảo Phong', '0962813543', '1994-01-28', '079194333238'),
('KH059', N'Phan Anh Thiên', '0334818418', '1984-01-22', '079084517821'),
('KH060', N'Bùi Tuấn Vy', '0935682940', '1992-11-17', '079192812526'),
('KH061', N'Bùi Thị Đức', '0865382463', '1981-10-09', '079081213668'),
('KH062', N'Ngô Đình Thảo', '0836262632', '1997-10-17', '079097503906'),
('KH063', N'Phan Tuấn Công', '0798315831', '1970-09-26', '079070481913'),
('KH064', N'Ngô Hữu Nhung', '0346266630', '1977-12-10', '079177799287'),
('KH065', N'Ngô Quang Tài', '0795960271', '2005-03-07', '079305797229'),
('KH066', N'Hồ Ngọc Ly', '0706049101', '1995-09-27', '079095418635'),
('KH067', N'Đặng Gia Tín', '0836406444', '1999-08-15', '079099636004'),
('KH068', N'Lý Ngọc Nhung', '0935761145', '2002-11-21', '079302197923'),
('KH069', N'Vũ Hoàng Lâm', '0834340845', '1979-01-02', '079079598216'),
('KH070', N'Lê Anh Tâm', '0864262081', '1994-08-13', '079094254739'),
('KH071', N'Nguyễn Thanh Thủy', '0374671545', '1981-12-17', '079181152657'),
('KH072', N'Vũ Thanh Bình', '0958795419', '2003-09-20', '079303891937'),
('KH073', N'Dương Thành Uyên', '0588481188', '1980-12-28', '079180571932'),
('KH074', N'Võ Bảo Uyên', '0775652512', '2003-08-21', '079203387936'),
('KH075', N'Dương Hữu Quỳnh', '0334934149', '1987-06-11', '079087245095'),
('KH076', N'Hoàng Bảo Trí', '0793563646', '1983-02-14', '079183446954'),
('KH077', N'Dương Thành Cường', '0978048838', '1994-10-23', '079094998348'),
('KH078', N'Hồ Phúc Anh', '0356009888', '1994-07-18', '079094611945'),
('KH079', N'Vũ Tuấn Tín', '0391486955', '1994-06-22', '079194859359'),
('KH080', N'Huỳnh Anh Hải', '0769961107', '1971-07-19', '079071188025'),
('KH081', N'Ngô Minh Vy', '0384048907', '1973-05-13', '079173321941'),
('KH082', N'Dương Quang Thắng', '0827360682', '1987-07-09', '079087593152'),
('KH083', N'Nguyễn Văn Thiên', '0982151225', '1972-01-08', '079072979995'),
('KH084', N'Nguyễn Minh Long', '0958945036', '1977-10-07', '079177833442'),
('KH085', N'Võ Đình Huy', '0762921542', '1980-05-04', '079080427110'),
('KH086', N'Hồ Quốc Quỳnh', '0972275009', '1985-02-23', '079185991597'),
('KH087', N'Phạm Văn Thiên', '0588186990', '1993-02-17', '079193113266'),
('KH088', N'Ngô Phúc Đạt', '0377076506', '1999-12-05', '079199284692'),
('KH089', N'Võ Phúc Bình', '0375502929', '1990-04-27', '079090392477'),
('KH090', N'Dương Bảo Thu', '0387358385', '1991-01-16', '079191290672'),
('KH091', N'Lý Gia Thiên', '0835334434', '1991-05-20', '079191682789'),
('KH092', N'Nguyễn Gia Dương', '0987818732', '2001-09-25', '079201824156'),
('KH093', N'Lý Phúc Vinh', '0831289293', '1975-05-08', '079175825391'),
('KH094', N'Vũ Hoàng Nhung', '0707191135', '2000-09-17', '079300546173'),
('KH095', N'Bùi Đình Quyên', '0385545223', '1989-05-08', '079089856321'),
('KH096', N'Phan Quang Đức', '0819990305', '1981-04-07', '079181389930'),
('KH097', N'Đặng Thanh Uyên', '0975970190', '1984-06-06', '079184114835'),
('KH098', N'Hoàng Tuấn Công', '0925901239', '1978-11-28', '079178207570'),
('KH099', N'Nguyễn Hoàng Châu', '0398389840', '1991-03-02', '079191600935'),
('KH100', N'Phạm Hữu Tài', '0392242892', '2006-11-22', '079206259097');


-- [BANG DATPHONG]
INSERT INTO DatPhong (maDat, ngayDat, maKH, ngayCheckIn, ngayCheckOut, trangThai) VALUES
('DP001', '2026-03-01 18:40:00.000', 'KH012', '2026-03-04 14:00:00.000', '2026-03-07 12:00:00.000', N'DA_CHECKOUT'),
('DP002', '2026-03-01 19:26:00.000', 'KH007', '2026-03-02 14:00:00.000', '2026-03-05 12:00:00.000', N'DA_CHECKOUT'),
('DP003', '2026-03-01 09:20:00.000', 'KH057', '2026-03-05 14:00:00.000', '2026-03-10 12:00:00.000', N'DA_CHECKOUT'),
('DP004', '2026-03-01 09:05:00.000', 'KH088', '2026-03-06 14:00:00.000', '2026-03-09 12:00:00.000', N'DA_CHECKOUT'),
('DP005', '2026-03-02 20:17:00.000', 'KH048', '2026-03-07 14:00:00.000', '2026-03-08 12:00:00.000', N'DA_CHECKOUT'),
('DP006', '2026-03-02 20:39:00.000', 'KH020', '2026-03-02 14:00:00.000', '2026-03-07 12:00:00.000', N'DA_HUY'),
('DP007', '2026-03-02 11:19:00.000', 'KH008', '2026-03-04 14:00:00.000', '2026-03-06 12:00:00.000', N'DA_HUY'),
('DP008', '2026-03-03 14:45:00.000', 'KH055', '2026-03-06 14:00:00.000', '2026-03-10 12:00:00.000', N'DA_CHECKOUT'),
('DP009', '2026-03-03 13:46:00.000', 'KH100', '2026-03-04 14:00:00.000', '2026-03-07 12:00:00.000', N'DA_HUY'),
('DP010', '2026-03-03 13:32:00.000', 'KH076', '2026-03-08 14:00:00.000', '2026-03-09 12:00:00.000', N'DA_CHECKOUT'),
('DP011', '2026-03-03 15:33:00.000', 'KH091', '2026-03-04 14:00:00.000', '2026-03-07 12:00:00.000', N'DA_CHECKOUT'),
('DP012', '2026-03-03 10:38:00.000', 'KH040', '2026-03-03 14:00:00.000', '2026-03-05 12:00:00.000', N'DA_HUY'),
('DP013', '2026-03-03 08:42:00.000', 'KH070', '2026-03-06 14:00:00.000', '2026-03-08 12:00:00.000', N'DA_CHECKOUT'),
('DP014', '2026-03-03 15:49:00.000', 'KH074', '2026-03-06 14:00:00.000', '2026-03-08 12:00:00.000', N'DA_CHECKOUT'),
('DP015', '2026-03-05 20:09:00.000', 'KH092', '2026-03-05 14:00:00.000', '2026-03-09 12:00:00.000', N'DA_CHECKOUT'),
('DP016', '2026-03-05 08:39:00.000', 'KH038', '2026-03-05 14:00:00.000', '2026-03-07 12:00:00.000', N'DA_HUY'),
('DP017', '2026-03-06 13:52:00.000', 'KH046', '2026-03-13 14:00:00.000', '2026-03-15 12:00:00.000', N'DA_HUY'),
('DP018', '2026-03-06 12:07:00.000', 'KH084', '2026-03-12 14:00:00.000', '2026-03-14 12:00:00.000', N'DA_CHECKOUT'),
('DP019', '2026-03-07 08:46:00.000', 'KH045', '2026-03-09 14:00:00.000', '2026-03-12 12:00:00.000', N'DA_HUY'),
('DP020', '2026-03-08 17:08:00.000', 'KH057', '2026-03-08 14:00:00.000', '2026-03-12 12:00:00.000', N'DA_CHECKOUT'),
('DP021', '2026-03-08 19:28:00.000', 'KH058', '2026-03-15 14:00:00.000', '2026-03-19 12:00:00.000', N'DA_CHECKOUT'),
('DP022', '2026-03-08 16:26:00.000', 'KH051', '2026-03-12 14:00:00.000', '2026-03-14 12:00:00.000', N'DA_CHECKOUT'),
('DP023', '2026-03-09 19:57:00.000', 'KH022', '2026-03-11 14:00:00.000', '2026-03-13 12:00:00.000', N'DA_CHECKOUT'),
('DP024', '2026-03-09 19:55:00.000', 'KH041', '2026-03-15 14:00:00.000', '2026-03-20 12:00:00.000', N'DA_HUY'),
('DP025', '2026-03-09 15:56:00.000', 'KH066', '2026-03-10 14:00:00.000', '2026-03-14 12:00:00.000', N'DA_CHECKOUT'),
('DP026', '2026-03-11 20:21:00.000', 'KH051', '2026-03-18 14:00:00.000', '2026-03-19 12:00:00.000', N'DA_HUY'),
('DP027', '2026-03-12 16:34:00.000', 'KH044', '2026-03-15 14:00:00.000', '2026-03-20 12:00:00.000', N'DA_CHECKOUT'),
('DP028', '2026-03-12 15:20:00.000', 'KH025', '2026-03-19 14:00:00.000', '2026-03-23 12:00:00.000', N'DA_CHECKOUT'),
('DP029', '2026-03-14 20:18:00.000', 'KH029', '2026-03-14 14:00:00.000', '2026-03-15 12:00:00.000', N'DA_CHECKOUT'),
('DP030', '2026-03-14 16:17:00.000', 'KH028', '2026-03-19 14:00:00.000', '2026-03-21 12:00:00.000', N'DA_CHECKOUT'),
('DP031', '2026-03-14 20:05:00.000', 'KH083', '2026-03-14 14:00:00.000', '2026-03-15 12:00:00.000', N'DA_HUY'),
('DP032', '2026-03-15 20:07:00.000', 'KH035', '2026-03-19 14:00:00.000', '2026-03-24 12:00:00.000', N'DA_HUY'),
('DP033', '2026-03-16 11:28:00.000', 'KH034', '2026-03-18 14:00:00.000', '2026-03-19 12:00:00.000', N'DA_CHECKOUT'),
('DP034', '2026-03-17 15:47:00.000', 'KH062', '2026-03-19 14:00:00.000', '2026-03-20 12:00:00.000', N'DA_CHECKOUT'),
('DP035', '2026-03-18 08:47:00.000', 'KH051', '2026-03-19 14:00:00.000', '2026-03-24 12:00:00.000', N'DA_CHECKOUT'),
('DP036', '2026-03-18 14:34:00.000', 'KH087', '2026-03-21 14:00:00.000', '2026-03-24 12:00:00.000', N'DA_HUY'),
('DP037', '2026-03-18 11:48:00.000', 'KH030', '2026-03-22 14:00:00.000', '2026-03-25 12:00:00.000', N'DA_CHECKOUT'),
('DP038', '2026-03-18 20:29:00.000', 'KH039', '2026-03-20 14:00:00.000', '2026-03-21 12:00:00.000', N'DA_CHECKOUT'),
('DP039', '2026-03-18 11:44:00.000', 'KH096', '2026-03-25 14:00:00.000', '2026-03-26 12:00:00.000', N'DA_CHECKOUT'),
('DP040', '2026-03-19 17:53:00.000', 'KH030', '2026-03-24 14:00:00.000', '2026-03-26 12:00:00.000', N'DA_CHECKOUT'),
('DP041', '2026-03-19 09:33:00.000', 'KH023', '2026-03-22 14:00:00.000', '2026-03-25 12:00:00.000', N'DA_CHECKOUT'),
('DP042', '2026-03-21 15:54:00.000', 'KH022', '2026-03-22 14:00:00.000', '2026-03-23 12:00:00.000', N'DA_CHECKOUT'),
('DP043', '2026-03-21 10:36:00.000', 'KH010', '2026-03-28 14:00:00.000', '2026-03-29 12:00:00.000', N'DA_CHECKOUT'),
('DP044', '2026-03-21 10:24:00.000', 'KH011', '2026-03-26 14:00:00.000', '2026-03-27 12:00:00.000', N'DA_CHECKOUT'),
('DP045', '2026-03-22 12:26:00.000', 'KH050', '2026-03-28 14:00:00.000', '2026-03-31 12:00:00.000', N'DA_CHECKOUT'),
('DP046', '2026-03-22 14:21:00.000', 'KH039', '2026-03-23 14:00:00.000', '2026-03-24 12:00:00.000', N'DA_CHECKOUT'),
('DP047', '2026-03-22 20:50:00.000', 'KH089', '2026-03-27 14:00:00.000', '2026-04-01 12:00:00.000', N'DA_CHECKOUT'),
('DP048', '2026-03-23 10:22:00.000', 'KH089', '2026-03-24 14:00:00.000', '2026-03-27 12:00:00.000', N'DA_CHECKOUT'),
('DP049', '2026-03-23 16:10:00.000', 'KH067', '2026-03-26 14:00:00.000', '2026-03-29 12:00:00.000', N'DA_CHECKOUT'),
('DP050', '2026-03-23 16:40:00.000', 'KH086', '2026-03-27 14:00:00.000', '2026-03-30 12:00:00.000', N'DA_HUY'),
('DP051', '2026-03-23 10:36:00.000', 'KH054', '2026-03-28 14:00:00.000', '2026-03-30 12:00:00.000', N'DA_CHECKOUT'),
('DP052', '2026-03-24 15:10:00.000', 'KH054', '2026-03-25 14:00:00.000', '2026-03-28 12:00:00.000', N'DA_HUY'),
('DP053', '2026-03-24 19:53:00.000', 'KH055', '2026-03-25 14:00:00.000', '2026-03-28 12:00:00.000', N'DA_CHECKOUT'),
('DP054', '2026-03-24 08:17:00.000', 'KH018', '2026-03-28 14:00:00.000', '2026-04-02 12:00:00.000', N'DA_CHECKOUT'),
('DP055', '2026-03-24 11:27:00.000', 'KH069', '2026-03-24 14:00:00.000', '2026-03-27 12:00:00.000', N'DA_CHECKOUT'),
('DP056', '2026-03-25 12:05:00.000', 'KH039', '2026-03-25 14:00:00.000', '2026-03-29 12:00:00.000', N'DA_CHECKOUT'),
('DP057', '2026-03-26 09:46:00.000', 'KH030', '2026-04-02 14:00:00.000', '2026-04-04 12:00:00.000', N'DA_CHECKOUT'),
('DP058', '2026-03-27 11:17:00.000', 'KH041', '2026-04-01 14:00:00.000', '2026-04-04 12:00:00.000', N'DA_CHECKOUT'),
('DP059', '2026-03-27 14:55:00.000', 'KH041', '2026-04-01 14:00:00.000', '2026-04-02 12:00:00.000', N'DA_CHECKOUT'),
('DP060', '2026-03-27 09:29:00.000', 'KH012', '2026-03-30 14:00:00.000', '2026-03-31 12:00:00.000', N'DA_CHECKOUT'),
('DP061', '2026-03-27 08:31:00.000', 'KH066', '2026-03-31 14:00:00.000', '2026-04-02 12:00:00.000', N'DA_CHECKOUT'),
('DP062', '2026-03-28 12:49:00.000', 'KH009', '2026-03-28 14:00:00.000', '2026-03-31 12:00:00.000', N'DA_CHECKOUT'),
('DP063', '2026-03-28 09:13:00.000', 'KH095', '2026-04-02 14:00:00.000', '2026-04-05 12:00:00.000', N'DA_HUY'),
('DP064', '2026-03-28 20:25:00.000', 'KH034', '2026-03-29 14:00:00.000', '2026-03-31 12:00:00.000', N'DA_HUY'),
('DP065', '2026-03-28 09:10:00.000', 'KH034', '2026-03-28 14:00:00.000', '2026-03-29 12:00:00.000', N'DA_CHECKOUT'),
('DP066', '2026-04-01 08:03:00.000', 'KH018', '2026-04-02 14:00:00.000', '2026-04-05 12:00:00.000', N'DA_CHECKOUT'),
('DP067', '2026-04-03 18:18:00.000', 'KH079', '2026-04-09 14:00:00.000', '2026-04-10 12:00:00.000', N'DA_CHECKOUT'),
('DP068', '2026-04-03 14:17:00.000', 'KH065', '2026-04-10 14:00:00.000', '2026-04-11 12:00:00.000', N'DA_CHECKOUT'),
('DP069', '2026-04-03 17:14:00.000', 'KH008', '2026-04-06 14:00:00.000', '2026-04-07 12:00:00.000', N'DA_CHECKOUT'),
('DP070', '2026-04-04 10:45:00.000', 'KH084', '2026-04-09 14:00:00.000', '2026-04-12 12:00:00.000', N'DA_HUY'),
('DP071', '2026-04-04 11:22:00.000', 'KH096', '2026-04-07 14:00:00.000', '2026-04-09 12:00:00.000', N'DA_CHECKOUT'),
('DP072', '2026-04-04 12:01:00.000', 'KH010', '2026-04-07 14:00:00.000', '2026-04-10 12:00:00.000', N'DA_CHECKOUT'),
('DP073', '2026-04-06 12:42:00.000', 'KH093', '2026-04-10 14:00:00.000', '2026-04-11 12:00:00.000', N'DA_CHECKOUT'),
('DP074', '2026-04-06 09:41:00.000', 'KH063', '2026-04-13 14:00:00.000', '2026-04-15 12:00:00.000', N'DA_CHECKOUT'),
('DP075', '2026-04-07 09:25:00.000', 'KH061', '2026-04-13 14:00:00.000', '2026-04-16 12:00:00.000', N'DA_CHECKOUT'),
('DP076', '2026-04-07 14:35:00.000', 'KH009', '2026-04-14 14:00:00.000', '2026-04-17 12:00:00.000', N'DA_HUY'),
('DP077', '2026-04-07 14:09:00.000', 'KH023', '2026-04-07 14:00:00.000', '2026-04-10 12:00:00.000', N'DA_CHECKOUT'),
('DP078', '2026-04-08 19:26:00.000', 'KH042', '2026-04-12 14:00:00.000', '2026-04-14 12:00:00.000', N'DA_CHECKOUT'),
('DP079', '2026-04-08 15:03:00.000', 'KH032', '2026-04-15 14:00:00.000', '2026-04-18 12:00:00.000', N'DA_CHECKOUT'),
('DP080', '2026-04-08 15:58:00.000', 'KH003', '2026-04-14 14:00:00.000', '2026-04-17 12:00:00.000', N'DA_CHECKOUT'),
('DP081', '2026-04-08 12:40:00.000', 'KH009', '2026-04-15 14:00:00.000', '2026-04-18 12:00:00.000', N'DA_CHECKOUT'),
('DP082', '2026-04-08 12:06:00.000', 'KH072', '2026-04-10 14:00:00.000', '2026-04-13 12:00:00.000', N'DA_CHECKOUT'),
('DP083', '2026-04-09 18:24:00.000', 'KH065', '2026-04-11 14:00:00.000', '2026-04-14 12:00:00.000', N'DA_CHECKOUT'),
('DP084', '2026-04-09 15:24:00.000', 'KH052', '2026-04-14 14:00:00.000', '2026-04-16 12:00:00.000', N'DA_CHECKOUT'),
('DP085', '2026-04-09 13:48:00.000', 'KH044', '2026-04-12 14:00:00.000', '2026-04-13 12:00:00.000', N'DA_CHECKOUT'),
('DP086', '2026-04-09 11:44:00.000', 'KH090', '2026-04-11 14:00:00.000', '2026-04-12 12:00:00.000', N'DA_CHECKOUT'),
('DP087', '2026-04-10 19:26:00.000', 'KH026', '2026-04-13 14:00:00.000', '2026-04-15 12:00:00.000', N'DA_CHECKOUT'),
('DP088', '2026-04-11 15:03:00.000', 'KH038', '2026-04-17 14:00:00.000', '2026-04-21 12:00:00.000', N'DA_HUY'),
('DP089', '2026-04-11 14:44:00.000', 'KH059', '2026-04-16 14:00:00.000', '2026-04-19 12:00:00.000', N'DA_CHECKOUT'),
('DP090', '2026-04-11 19:36:00.000', 'KH099', '2026-04-14 14:00:00.000', '2026-04-18 12:00:00.000', N'DA_CHECKOUT'),
('DP091', '2026-04-12 14:02:00.000', 'KH014', '2026-04-15 14:00:00.000', '2026-04-18 12:00:00.000', N'DA_CHECKOUT'),
('DP092', '2026-04-12 17:12:00.000', 'KH014', '2026-04-14 14:00:00.000', '2026-04-16 12:00:00.000', N'DA_CHECKOUT'),
('DP093', '2026-04-13 14:42:00.000', 'KH017', '2026-04-19 14:00:00.000', '2026-04-21 12:00:00.000', N'DA_CHECKOUT'),
('DP094', '2026-04-13 20:22:00.000', 'KH091', '2026-04-15 14:00:00.000', '2026-04-19 12:00:00.000', N'DA_HUY'),
('DP095', '2026-04-13 17:55:00.000', 'KH058', '2026-04-18 14:00:00.000', '2026-04-20 12:00:00.000', N'DA_CHECKOUT'),
('DP096', '2026-04-13 11:49:00.000', 'KH070', '2026-04-17 14:00:00.000', '2026-04-20 12:00:00.000', N'DA_HUY'),
('DP097', '2026-04-13 08:49:00.000', 'KH042', '2026-04-19 14:00:00.000', '2026-04-24 12:00:00.000', N'DA_CHECKOUT'),
('DP098', '2026-04-13 09:42:00.000', 'KH072', '2026-04-16 14:00:00.000', '2026-04-18 12:00:00.000', N'DA_CHECKOUT'),
('DP099', '2026-04-14 16:05:00.000', 'KH025', '2026-04-21 14:00:00.000', '2026-04-22 12:00:00.000', N'DA_CHECKOUT'),
('DP100', '2026-04-14 18:46:00.000', 'KH069', '2026-04-19 14:00:00.000', '2026-04-22 12:00:00.000', N'DA_HUY'),
('DP101', '2026-04-14 08:35:00.000', 'KH039', '2026-04-16 14:00:00.000', '2026-04-19 12:00:00.000', N'DA_HUY'),
('DP102', '2026-04-14 15:41:00.000', 'KH097', '2026-04-18 14:00:00.000', '2026-04-21 12:00:00.000', N'DA_CHECKOUT'),
('DP103', '2026-04-15 20:19:00.000', 'KH058', '2026-04-17 14:00:00.000', '2026-04-21 12:00:00.000', N'DA_CHECKOUT'),
('DP104', '2026-04-15 17:42:00.000', 'KH023', '2026-04-21 14:00:00.000', '2026-04-25 12:00:00.000', N'DA_CHECKOUT'),
('DP105', '2026-04-15 13:52:00.000', 'KH067', '2026-04-21 14:00:00.000', '2026-04-22 12:00:00.000', N'DA_HUY'),
('DP106', '2026-04-15 11:37:00.000', 'KH062', '2026-04-20 14:00:00.000', '2026-04-21 12:00:00.000', N'DA_CHECKOUT'),
('DP107', '2026-04-16 15:38:00.000', 'KH022', '2026-04-19 14:00:00.000', '2026-04-21 12:00:00.000', N'DA_CHECKOUT'),
('DP108', '2026-04-17 17:22:00.000', 'KH033', '2026-04-21 14:00:00.000', '2026-04-24 12:00:00.000', N'DA_CHECKOUT'),
('DP109', '2026-04-17 18:33:00.000', 'KH052', '2026-04-22 14:00:00.000', '2026-04-23 12:00:00.000', N'DA_CHECKOUT'),
('DP110', '2026-04-17 19:45:00.000', 'KH067', '2026-04-20 14:00:00.000', '2026-04-21 12:00:00.000', N'DA_CHECKOUT'),
('DP111', '2026-04-17 16:52:00.000', 'KH066', '2026-04-22 14:00:00.000', '2026-04-24 12:00:00.000', N'DA_CHECKOUT'),
('DP112', '2026-04-17 14:43:00.000', 'KH037', '2026-04-21 14:00:00.000', '2026-04-26 12:00:00.000', N'DA_HUY'),
('DP113', '2026-04-17 09:43:00.000', 'KH014', '2026-04-23 14:00:00.000', '2026-04-25 12:00:00.000', N'DA_CHECKOUT'),
('DP114', '2026-04-18 14:37:00.000', 'KH002', '2026-04-20 14:00:00.000', '2026-04-21 12:00:00.000', N'DA_CHECKOUT'),
('DP115', '2026-04-18 08:13:00.000', 'KH089', '2026-04-20 14:00:00.000', '2026-04-21 12:00:00.000', N'DA_CHECKOUT'),
('DP116', '2026-04-18 14:40:00.000', 'KH082', '2026-04-22 14:00:00.000', '2026-04-25 12:00:00.000', N'DA_CHECKOUT'),
('DP117', '2026-04-19 11:10:00.000', 'KH090', '2026-04-22 14:00:00.000', '2026-04-24 12:00:00.000', N'DA_CHECKOUT'),
('DP118', '2026-04-19 12:35:00.000', 'KH060', '2026-04-23 14:00:00.000', '2026-04-25 12:00:00.000', N'DA_HUY'),
('DP119', '2026-04-20 08:34:00.000', 'KH003', '2026-04-22 14:00:00.000', '2026-04-27 12:00:00.000', N'DA_CHECKOUT'),
('DP120', '2026-04-21 09:15:00.000', 'KH086', '2026-04-21 14:00:00.000', '2026-04-22 12:00:00.000', N'DA_HUY'),
('DP121', '2026-04-22 08:22:00.000', 'KH098', '2026-04-23 14:00:00.000', '2026-04-25 12:00:00.000', N'DA_CHECKOUT'),
('DP122', '2026-04-23 14:12:00.000', 'KH085', '2026-04-29 14:00:00.000', '2026-05-01 12:00:00.000', N'DA_CHECKOUT'),
('DP123', '2026-04-23 09:29:00.000', 'KH027', '2026-04-30 14:00:00.000', '2026-05-01 12:00:00.000', N'DA_CHECKOUT'),
('DP124', '2026-04-23 18:29:00.000', 'KH074', '2026-04-30 14:00:00.000', '2026-05-02 12:00:00.000', N'DA_CHECKOUT'),
('DP125', '2026-04-23 15:25:00.000', 'KH047', '2026-04-30 14:00:00.000', '2026-05-02 12:00:00.000', N'DA_CHECKOUT'),
('DP126', '2026-04-23 14:05:00.000', 'KH005', '2026-04-30 14:00:00.000', '2026-05-01 12:00:00.000', N'DA_CHECKOUT'),
('DP127', '2026-04-24 09:14:00.000', 'KH074', '2026-04-27 14:00:00.000', '2026-04-29 12:00:00.000', N'DA_CHECKOUT'),
('DP128', '2026-04-24 10:22:00.000', 'KH099', '2026-05-01 14:00:00.000', '2026-05-03 12:00:00.000', N'DA_CHECKOUT'),
('DP129', '2026-04-24 18:00:00.000', 'KH007', '2026-04-28 14:00:00.000', '2026-04-30 12:00:00.000', N'DA_CHECKOUT'),
('DP130', '2026-04-25 11:32:00.000', 'KH046', '2026-04-29 14:00:00.000', '2026-05-01 12:00:00.000', N'DA_CHECKOUT'),
('DP131', '2026-04-25 10:27:00.000', 'KH040', '2026-04-25 14:00:00.000', '2026-04-29 12:00:00.000', N'DA_CHECKOUT'),
('DP132', '2026-04-26 19:49:00.000', 'KH046', '2026-04-28 14:00:00.000', '2026-05-02 12:00:00.000', N'DA_CHECKOUT'),
('DP133', '2026-04-26 14:25:00.000', 'KH059', '2026-05-01 14:00:00.000', '2026-05-03 12:00:00.000', N'DA_HUY'),
('DP134', '2026-04-26 20:52:00.000', 'KH051', '2026-05-03 14:00:00.000', '2026-05-05 12:00:00.000', N'DA_HUY'),
('DP135', '2026-04-26 19:41:00.000', 'KH033', '2026-04-29 14:00:00.000', '2026-05-01 12:00:00.000', N'DA_CHECKOUT'),
('DP136', '2026-04-27 17:48:00.000', 'KH026', '2026-05-02 14:00:00.000', '2026-05-07 12:00:00.000', N'DA_CHECKOUT'),
('DP137', '2026-04-27 17:50:00.000', 'KH079', '2026-04-30 14:00:00.000', '2026-05-01 12:00:00.000', N'DA_CHECKOUT'),
('DP138', '2026-04-28 09:30:00.000', 'KH074', '2026-04-28 14:00:00.000', '2026-05-02 12:00:00.000', N'DA_CHECKOUT'),
('DP139', '2026-04-28 20:39:00.000', 'KH095', '2026-05-05 14:00:00.000', '2026-05-07 12:00:00.000', N'DA_HUY'),
('DP140', '2026-05-01 18:30:00.000', 'KH043', '2026-05-05 14:00:00.000', '2026-05-08 12:00:00.000', N'DA_CHECKOUT'),
('DP141', '2026-05-01 17:24:00.000', 'KH022', '2026-05-07 14:00:00.000', '2026-05-08 12:00:00.000', N'DA_HUY'),
('DP142', '2026-05-01 15:46:00.000', 'KH025', '2026-05-01 14:00:00.000', '2026-05-03 12:00:00.000', N'DA_CHECKOUT'),
('DP143', '2026-05-01 13:49:00.000', 'KH036', '2026-05-08 14:00:00.000', '2026-05-12 12:00:00.000', N'DA_CHECKOUT'),
('DP144', '2026-05-01 11:45:00.000', 'KH040', '2026-05-01 14:00:00.000', '2026-05-05 12:00:00.000', N'DA_CHECKOUT'),
('DP145', '2026-05-02 15:54:00.000', 'KH045', '2026-05-08 14:00:00.000', '2026-05-11 12:00:00.000', N'DA_CHECKOUT'),
('DP146', '2026-05-02 14:04:00.000', 'KH023', '2026-05-05 14:00:00.000', '2026-05-07 12:00:00.000', N'DA_CHECKOUT'),
('DP147', '2026-05-02 16:03:00.000', 'KH008', '2026-05-03 14:00:00.000', '2026-05-05 12:00:00.000', N'DA_CHECKOUT'),
('DP148', '2026-05-03 10:41:00.000', 'KH018', '2026-05-10 14:00:00.000', '2026-05-12 12:00:00.000', N'DA_CHECKOUT'),
('DP149', '2026-05-05 18:40:00.000', 'KH081', '2026-05-06 14:00:00.000', '2026-05-08 12:00:00.000', N'DA_CHECKOUT'),
('DP150', '2026-05-05 10:39:00.000', 'KH036', '2026-05-12 14:00:00.000', '2026-05-14 12:00:00.000', N'DA_CHECKOUT'),
('DP151', '2026-05-05 08:10:00.000', 'KH097', '2026-05-10 14:00:00.000', '2026-05-14 12:00:00.000', N'DA_HUY'),
('DP152', '2026-05-05 13:17:00.000', 'KH084', '2026-05-06 14:00:00.000', '2026-05-08 12:00:00.000', N'DA_HUY'),
('DP153', '2026-05-05 11:02:00.000', 'KH037', '2026-05-08 14:00:00.000', '2026-05-10 12:00:00.000', N'DA_CHECKOUT'),
('DP154', '2026-05-05 12:10:00.000', 'KH089', '2026-05-06 14:00:00.000', '2026-05-10 12:00:00.000', N'DA_CHECKOUT'),
('DP155', '2026-05-05 19:16:00.000', 'KH014', '2026-05-11 14:00:00.000', '2026-05-14 12:00:00.000', N'DA_HUY'),
('DP156', '2026-05-06 16:14:00.000', 'KH094', '2026-05-11 14:00:00.000', '2026-05-13 12:00:00.000', N'DA_CHECKOUT'),
('DP157', '2026-05-06 15:05:00.000', 'KH014', '2026-05-08 14:00:00.000', '2026-05-09 12:00:00.000', N'DA_CHECKOUT'),
('DP158', '2026-05-06 15:41:00.000', 'KH095', '2026-05-09 14:00:00.000', '2026-05-10 12:00:00.000', N'DA_CHECKOUT'),
('DP159', '2026-05-07 10:59:00.000', 'KH001', '2026-05-12 14:00:00.000', '2026-05-15 12:00:00.000', N'DA_CHECKOUT'),
('DP160', '2026-05-08 20:40:00.000', 'KH029', '2026-05-14 14:00:00.000', '2026-05-16 12:00:00.000', N'DA_CHECKOUT'),
('DP161', '2026-05-08 19:28:00.000', 'KH010', '2026-05-14 14:00:00.000', '2026-05-19 12:00:00.000', N'DA_HUY'),
('DP162', '2026-05-08 13:08:00.000', 'KH023', '2026-05-15 14:00:00.000', '2026-05-16 12:00:00.000', N'DA_HUY'),
('DP163', '2026-05-08 14:54:00.000', 'KH030', '2026-05-09 14:00:00.000', '2026-05-12 12:00:00.000', N'DA_CHECKOUT'),
('DP164', '2026-05-08 10:22:00.000', 'KH053', '2026-05-13 14:00:00.000', '2026-05-14 12:00:00.000', N'DA_CHECKOUT'),
('DP165', '2026-05-09 19:59:00.000', 'KH080', '2026-05-11 14:00:00.000', '2026-05-16 12:00:00.000', N'DA_CHECKOUT'),
('DP166', '2026-05-09 13:22:00.000', 'KH098', '2026-05-11 14:00:00.000', '2026-05-13 12:00:00.000', N'DA_HUY'),
('DP167', '2026-05-09 09:06:00.000', 'KH023', '2026-05-15 14:00:00.000', '2026-05-19 12:00:00.000', N'DA_HUY'),
('DP168', '2026-05-09 14:37:00.000', 'KH067', '2026-05-09 14:00:00.000', '2026-05-12 12:00:00.000', N'DA_CHECKOUT'),
('DP169', '2026-05-09 19:34:00.000', 'KH080', '2026-05-12 14:00:00.000', '2026-05-17 12:00:00.000', N'DA_HUY'),
('DP170', '2026-05-10 14:59:00.000', 'KH016', '2026-05-14 14:00:00.000', '2026-05-16 12:00:00.000', N'DA_CHECKOUT'),
('DP171', '2026-05-10 11:01:00.000', 'KH099', '2026-05-14 14:00:00.000', '2026-05-18 12:00:00.000', N'DA_CHECKOUT'),
('DP172', '2026-05-10 20:46:00.000', 'KH037', '2026-05-16 14:00:00.000', '2026-05-19 12:00:00.000', N'DA_CHECKOUT'),
('DP173', '2026-05-10 16:47:00.000', 'KH039', '2026-05-14 14:00:00.000', '2026-05-15 12:00:00.000', N'DA_HUY'),
('DP174', '2026-05-10 19:52:00.000', 'KH034', '2026-05-15 14:00:00.000', '2026-05-19 12:00:00.000', N'DA_CHECKOUT'),
('DP175', '2026-05-12 17:22:00.000', 'KH013', '2026-05-15 14:00:00.000', '2026-05-18 12:00:00.000', N'DA_CHECKOUT'),
('DP176', '2026-05-12 10:54:00.000', 'KH016', '2026-05-14 14:00:00.000', '2026-05-15 12:00:00.000', N'DA_CHECKOUT'),
('DP177', '2026-05-13 10:54:00.000', 'KH004', '2026-05-17 14:00:00.000', '2026-05-19 12:00:00.000', N'DA_CHECKOUT'),
('DP178', '2026-05-13 18:06:00.000', 'KH024', '2026-05-13 14:00:00.000', '2026-05-15 12:00:00.000', N'DA_CHECKOUT'),
('DP179', '2026-05-13 11:54:00.000', 'KH038', '2026-05-13 14:00:00.000', '2026-05-16 12:00:00.000', N'DA_CHECKOUT'),
('DP180', '2026-05-13 20:50:00.000', 'KH076', '2026-05-20 14:00:00.000', '2026-05-25 12:00:00.000', N'DA_HUY'),
('DP181', '2026-05-13 10:19:00.000', 'KH078', '2026-05-19 14:00:00.000', '2026-05-24 12:00:00.000', N'DA_CHECKOUT'),
('DP182', '2026-05-13 17:43:00.000', 'KH063', '2026-05-14 14:00:00.000', '2026-05-18 12:00:00.000', N'DA_HUY'),
('DP183', '2026-05-13 14:06:00.000', 'KH081', '2026-05-18 14:00:00.000', '2026-05-21 12:00:00.000', N'DA_HUY'),
('DP184', '2026-05-13 08:44:00.000', 'KH054', '2026-05-20 14:00:00.000', '2026-05-21 12:00:00.000', N'DA_CHECKOUT'),
('DP185', '2026-05-13 11:18:00.000', 'KH010', '2026-05-13 14:00:00.000', '2026-05-15 12:00:00.000', N'DA_CHECKOUT'),
('DP186', '2026-05-14 11:42:00.000', 'KH074', '2026-05-15 14:00:00.000', '2026-05-18 12:00:00.000', N'DA_CHECKOUT'),
('DP187', '2026-05-14 10:41:00.000', 'KH036', '2026-05-16 14:00:00.000', '2026-05-18 12:00:00.000', N'DA_CHECKOUT'),
('DP188', '2026-05-14 10:06:00.000', 'KH055', '2026-05-15 14:00:00.000', '2026-05-16 12:00:00.000', N'DA_HUY'),
('DP189', '2026-05-15 19:42:00.000', 'KH078', '2026-05-16 14:00:00.000', '2026-05-19 12:00:00.000', N'DA_CHECKOUT'),
('DP190', '2026-05-15 15:47:00.000', 'KH100', '2026-05-17 14:00:00.000', '2026-05-19 12:00:00.000', N'DA_HUY'),
('DP191', '2026-05-15 13:36:00.000', 'KH081', '2026-05-15 14:00:00.000', '2026-05-18 12:00:00.000', N'DA_CHECKOUT'),
('DP192', '2026-05-15 09:29:00.000', 'KH081', '2026-05-20 14:00:00.000', '2026-05-23 12:00:00.000', N'DA_CHECKOUT'),
('DP193', '2026-05-16 14:11:00.000', 'KH037', '2026-05-17 14:00:00.000', '2026-05-18 12:00:00.000', N'DA_CHECKOUT'),
('DP194', '2026-05-16 16:39:00.000', 'KH001', '2026-05-17 14:00:00.000', '2026-05-18 12:00:00.000', N'DA_HUY');

-- [BANG CHITIETDATPHONG]
INSERT INTO ChiTietDatPhong (maCTDP, maPhong, maDat, giaCoc, soNguoi) VALUES
('CTDP0001', 'P501', 'DP001', 300000, 1),
('CTDP0002', 'P102', 'DP002', 500000, 2),
('CTDP0003', 'P401', 'DP003', 300000, 1),
('CTDP0004', 'P503', 'DP003', 600000, 2),
('CTDP0005', 'P104', 'DP003', 700000, 2),
('CTDP0006', 'P504', 'DP004', 700000, 1),
('CTDP0007', 'P404', 'DP004', 700000, 2),
('CTDP0008', 'P205', 'DP005', 1000000, 1),
('CTDP0009', 'P402', 'DP005', 500000, 1),
('CTDP0010', 'P101', 'DP006', 300000, 1),
('CTDP0011', 'P403', 'DP006', 600000, 1),
('CTDP0012', 'P305', 'DP007', 1000000, 1),
('CTDP0013', 'P105', 'DP008', 1000000, 1),
('CTDP0014', 'P101', 'DP009', 300000, 1),
('CTDP0015', 'P502', 'DP009', 500000, 2),
('CTDP0016', 'P305', 'DP009', 1000000, 3),
('CTDP0017', 'P301', 'DP010', 300000, 1),
('CTDP0018', 'P201', 'DP010', 300000, 1),
('CTDP0019', 'P101', 'DP011', 300000, 1),
('CTDP0020', 'P203', 'DP012', 600000, 1),
('CTDP0021', 'P505', 'DP012', 1000000, 3),
('CTDP0022', 'P405', 'DP012', 1000000, 1),
('CTDP0023', 'P302', 'DP013', 500000, 2),
('CTDP0024', 'P103', 'DP014', 600000, 2),
('CTDP0025', 'P505', 'DP014', 1000000, 4),
('CTDP0026', 'P304', 'DP015', 700000, 1),
('CTDP0027', 'P303', 'DP016', 600000, 1),
('CTDP0028', 'P403', 'DP016', 600000, 2),
('CTDP0029', 'P505', 'DP017', 1000000, 3),
('CTDP0030', 'P205', 'DP017', 1000000, 3),
('CTDP0031', 'P104', 'DP018', 700000, 1),
('CTDP0032', 'P403', 'DP019', 600000, 1),
('CTDP0033', 'P202', 'DP019', 500000, 2),
('CTDP0034', 'P403', 'DP020', 600000, 1),
('CTDP0035', 'P401', 'DP021', 300000, 1),
('CTDP0036', 'P102', 'DP022', 500000, 2),
('CTDP0037', 'P202', 'DP022', 500000, 1),
('CTDP0038', 'P203', 'DP022', 600000, 2),
('CTDP0039', 'P302', 'DP023', 500000, 1),
('CTDP0040', 'P405', 'DP024', 1000000, 3),
('CTDP0041', 'P201', 'DP024', 300000, 1),
('CTDP0042', 'P201', 'DP025', 300000, 1),
('CTDP0043', 'P502', 'DP025', 500000, 1),
('CTDP0044', 'P305', 'DP026', 1000000, 2),
('CTDP0045', 'P404', 'DP026', 700000, 2),
('CTDP0046', 'P104', 'DP026', 700000, 3),
('CTDP0047', 'P402', 'DP027', 500000, 2),
('CTDP0048', 'P101', 'DP028', 300000, 1),
('CTDP0049', 'P105', 'DP029', 1000000, 3),
('CTDP0050', 'P304', 'DP030', 700000, 1),
('CTDP0051', 'P502', 'DP030', 500000, 1),
('CTDP0052', 'P305', 'DP031', 1000000, 4),
('CTDP0053', 'P204', 'DP031', 700000, 1),
('CTDP0054', 'P503', 'DP032', 600000, 2),
('CTDP0055', 'P303', 'DP033', 600000, 1),
('CTDP0056', 'P501', 'DP034', 300000, 1),
('CTDP0057', 'P505', 'DP034', 1000000, 4),
('CTDP0058', 'P301', 'DP034', 300000, 1),
('CTDP0059', 'P405', 'DP035', 1000000, 2),
('CTDP0060', 'P201', 'DP035', 300000, 1),
('CTDP0061', 'P503', 'DP036', 600000, 1),
('CTDP0062', 'P103', 'DP036', 600000, 1),
('CTDP0063', 'P501', 'DP037', 300000, 1),
('CTDP0064', 'P303', 'DP037', 600000, 2),
('CTDP0065', 'P401', 'DP038', 300000, 1),
('CTDP0066', 'P304', 'DP039', 700000, 2),
('CTDP0067', 'P102', 'DP040', 500000, 1),
('CTDP0068', 'P205', 'DP040', 1000000, 4),
('CTDP0069', 'P104', 'DP040', 700000, 1),
('CTDP0070', 'P404', 'DP041', 700000, 2),
('CTDP0071', 'P504', 'DP042', 700000, 3),
('CTDP0072', 'P501', 'DP043', 300000, 1),
('CTDP0073', 'P204', 'DP043', 700000, 1),
('CTDP0074', 'P204', 'DP044', 700000, 1),
('CTDP0075', 'P503', 'DP045', 600000, 2),
('CTDP0076', 'P205', 'DP045', 1000000, 4),
('CTDP0077', 'P403', 'DP046', 600000, 1),
('CTDP0078', 'P305', 'DP047', 1000000, 3),
('CTDP0079', 'P301', 'DP047', 300000, 1),
('CTDP0080', 'P202', 'DP048', 500000, 1),
('CTDP0081', 'P402', 'DP048', 500000, 1),
('CTDP0082', 'P103', 'DP049', 600000, 1),
('CTDP0083', 'P505', 'DP049', 1000000, 2),
('CTDP0084', 'P502', 'DP050', 500000, 2),
('CTDP0085', 'P201', 'DP050', 300000, 1),
('CTDP0086', 'P202', 'DP051', 500000, 2),
('CTDP0087', 'P401', 'DP052', 300000, 1),
('CTDP0088', 'P504', 'DP053', 700000, 3),
('CTDP0089', 'P302', 'DP054', 500000, 2),
('CTDP0090', 'P102', 'DP054', 500000, 2),
('CTDP0091', 'P503', 'DP055', 600000, 1),
('CTDP0092', 'P203', 'DP055', 600000, 1),
('CTDP0093', 'P502', 'DP056', 500000, 1),
('CTDP0094', 'P404', 'DP057', 700000, 1),
('CTDP0095', 'P402', 'DP057', 500000, 2),
('CTDP0096', 'P504', 'DP058', 700000, 3),
('CTDP0097', 'P304', 'DP058', 700000, 1),
('CTDP0098', 'P205', 'DP059', 1000000, 3),
('CTDP0099', 'P503', 'DP059', 600000, 2),
('CTDP0100', 'P504', 'DP060', 700000, 2),
('CTDP0101', 'P103', 'DP061', 600000, 1),
('CTDP0102', 'P501', 'DP061', 300000, 1),
('CTDP0103', 'P405', 'DP062', 1000000, 1),
('CTDP0104', 'P301', 'DP063', 300000, 1),
('CTDP0105', 'P403', 'DP063', 600000, 1),
('CTDP0106', 'P401', 'DP064', 300000, 1),
('CTDP0107', 'P304', 'DP064', 700000, 2),
('CTDP0108', 'P401', 'DP065', 300000, 1),
('CTDP0109', 'P403', 'DP066', 600000, 2),
('CTDP0110', 'P405', 'DP066', 1000000, 3),
('CTDP0111', 'P205', 'DP067', 1000000, 3),
('CTDP0112', 'P202', 'DP068', 500000, 2),
('CTDP0113', 'P404', 'DP068', 700000, 1),
('CTDP0114', 'P402', 'DP068', 500000, 2),
('CTDP0115', 'P104', 'DP069', 700000, 3),
('CTDP0116', 'P104', 'DP070', 700000, 2),
('CTDP0117', 'P203', 'DP071', 600000, 2),
('CTDP0118', 'P302', 'DP072', 500000, 2),
('CTDP0119', 'P304', 'DP073', 700000, 1),
('CTDP0120', 'P405', 'DP074', 1000000, 4),
('CTDP0121', 'P402', 'DP074', 500000, 1),
('CTDP0122', 'P205', 'DP075', 1000000, 3),
('CTDP0123', 'P201', 'DP076', 300000, 1),
('CTDP0124', 'P401', 'DP076', 300000, 1),
('CTDP0125', 'P103', 'DP077', 600000, 2),
('CTDP0126', 'P203', 'DP078', 600000, 1),
('CTDP0127', 'P105', 'DP079', 1000000, 4),
('CTDP0128', 'P102', 'DP080', 500000, 1),
('CTDP0129', 'P401', 'DP081', 300000, 1),
('CTDP0130', 'P505', 'DP081', 1000000, 2),
('CTDP0131', 'P403', 'DP081', 600000, 1),
('CTDP0132', 'P102', 'DP082', 500000, 2),
('CTDP0133', 'P104', 'DP083', 700000, 1),
('CTDP0134', 'P403', 'DP083', 600000, 1),
('CTDP0135', 'P101', 'DP083', 300000, 1),
('CTDP0136', 'P503', 'DP084', 600000, 1),
('CTDP0137', 'P305', 'DP085', 1000000, 4),
('CTDP0138', 'P303', 'DP086', 600000, 2),
('CTDP0139', 'P204', 'DP087', 700000, 2),
('CTDP0140', 'P202', 'DP088', 500000, 1),
('CTDP0141', 'P203', 'DP088', 600000, 1),
('CTDP0142', 'P404', 'DP089', 700000, 2),
('CTDP0143', 'P402', 'DP089', 500000, 1),
('CTDP0144', 'P101', 'DP089', 300000, 1),
('CTDP0145', 'P302', 'DP090', 500000, 1),
('CTDP0146', 'P305', 'DP090', 1000000, 3),
('CTDP0147', 'P501', 'DP090', 300000, 1),
('CTDP0148', 'P303', 'DP091', 600000, 1),
('CTDP0149', 'P502', 'DP091', 500000, 1),
('CTDP0150', 'P504', 'DP091', 700000, 3),
('CTDP0151', 'P201', 'DP092', 300000, 1),
('CTDP0152', 'P103', 'DP092', 600000, 1),
('CTDP0153', 'P304', 'DP092', 700000, 1),
('CTDP0154', 'P102', 'DP093', 500000, 1),
('CTDP0155', 'P203', 'DP094', 600000, 2),
('CTDP0156', 'P301', 'DP094', 300000, 1),
('CTDP0157', 'P202', 'DP094', 500000, 1),
('CTDP0158', 'P104', 'DP095', 700000, 1),
('CTDP0159', 'P103', 'DP095', 600000, 2),
('CTDP0160', 'P304', 'DP096', 700000, 1),
('CTDP0161', 'P503', 'DP097', 600000, 1),
('CTDP0162', 'P201', 'DP097', 300000, 1),
('CTDP0163', 'P204', 'DP098', 700000, 2),
('CTDP0164', 'P205', 'DP099', 1000000, 1),
('CTDP0165', 'P105', 'DP099', 1000000, 4),
('CTDP0166', 'P204', 'DP100', 700000, 3),
('CTDP0167', 'P403', 'DP100', 600000, 2),
('CTDP0168', 'P203', 'DP101', 600000, 1),
('CTDP0169', 'P405', 'DP102', 1000000, 2),
('CTDP0170', 'P304', 'DP102', 700000, 1),
('CTDP0171', 'P203', 'DP102', 600000, 2),
('CTDP0172', 'P301', 'DP103', 300000, 1),
('CTDP0173', 'P202', 'DP103', 500000, 1),
('CTDP0174', 'P501', 'DP104', 300000, 1),
('CTDP0175', 'P402', 'DP104', 500000, 2),
('CTDP0176', 'P505', 'DP104', 1000000, 3),
('CTDP0177', 'P502', 'DP105', 500000, 1),
('CTDP0178', 'P401', 'DP106', 300000, 1),
('CTDP0179', 'P403', 'DP106', 600000, 2),
('CTDP0180', 'P204', 'DP106', 700000, 1),
('CTDP0181', 'P302', 'DP107', 500000, 2),
('CTDP0182', 'P502', 'DP108', 500000, 2),
('CTDP0183', 'P103', 'DP108', 600000, 2),
('CTDP0184', 'P302', 'DP109', 500000, 1),
('CTDP0185', 'P303', 'DP110', 600000, 2),
('CTDP0186', 'P504', 'DP111', 700000, 2),
('CTDP0187', 'P101', 'DP112', 300000, 1),
('CTDP0188', 'P104', 'DP113', 700000, 2),
('CTDP0189', 'P304', 'DP113', 700000, 1),
('CTDP0190', 'P303', 'DP113', 600000, 2),
('CTDP0191', 'P101', 'DP114', 300000, 1),
('CTDP0192', 'P504', 'DP115', 700000, 3),
('CTDP0193', 'P404', 'DP115', 700000, 2),
('CTDP0194', 'P305', 'DP115', 1000000, 2),
('CTDP0195', 'P101', 'DP116', 300000, 1),
('CTDP0196', 'P204', 'DP116', 700000, 1),
('CTDP0197', 'P305', 'DP116', 1000000, 3),
('CTDP0198', 'P405', 'DP117', 1000000, 2),
('CTDP0199', 'P203', 'DP117', 600000, 2),
('CTDP0200', 'P401', 'DP118', 300000, 1),
('CTDP0201', 'P404', 'DP119', 700000, 1),
('CTDP0202', 'P104', 'DP120', 700000, 3),
('CTDP0203', 'P102', 'DP121', 500000, 2),
('CTDP0204', 'P205', 'DP121', 1000000, 4),
('CTDP0205', 'P401', 'DP121', 300000, 1),
('CTDP0206', 'P203', 'DP122', 600000, 1),
('CTDP0207', 'P104', 'DP122', 700000, 1),
('CTDP0208', 'P202', 'DP123', 500000, 1),
('CTDP0209', 'P103', 'DP123', 600000, 1),
('CTDP0210', 'P101', 'DP124', 300000, 1),
('CTDP0211', 'P503', 'DP125', 600000, 2),
('CTDP0212', 'P404', 'DP125', 700000, 3),
('CTDP0213', 'P205', 'DP126', 1000000, 4),
('CTDP0214', 'P201', 'DP127', 300000, 1),
('CTDP0215', 'P101', 'DP127', 300000, 1),
('CTDP0216', 'P304', 'DP128', 700000, 1),
('CTDP0217', 'P201', 'DP128', 300000, 1),
('CTDP0218', 'P301', 'DP129', 300000, 1),
('CTDP0219', 'P405', 'DP130', 1000000, 3),
('CTDP0220', 'P302', 'DP130', 500000, 1),
('CTDP0221', 'P504', 'DP131', 700000, 1),
('CTDP0222', 'P204', 'DP132', 700000, 2),
('CTDP0223', 'P102', 'DP132', 500000, 2),
('CTDP0224', 'P105', 'DP133', 1000000, 2),
('CTDP0225', 'P501', 'DP134', 300000, 1),
('CTDP0226', 'P403', 'DP134', 600000, 1),
('CTDP0227', 'P105', 'DP135', 1000000, 2),
('CTDP0228', 'P402', 'DP135', 500000, 1),
('CTDP0229', 'P104', 'DP136', 700000, 1),
('CTDP0230', 'P103', 'DP136', 600000, 2),
('CTDP0231', 'P105', 'DP136', 1000000, 1),
('CTDP0232', 'P504', 'DP137', 700000, 3),
('CTDP0233', 'P501', 'DP138', 300000, 1),
('CTDP0234', 'P502', 'DP139', 500000, 1),
('CTDP0235', 'P203', 'DP140', 600000, 2),
('CTDP0236', 'P504', 'DP140', 700000, 2),
('CTDP0237', 'P202', 'DP141', 500000, 2),
('CTDP0238', 'P302', 'DP141', 500000, 1),
('CTDP0239', 'P502', 'DP141', 500000, 2),
('CTDP0240', 'P401', 'DP142', 300000, 1),
('CTDP0241', 'P505', 'DP143', 1000000, 4),
('CTDP0242', 'P302', 'DP143', 500000, 1),
('CTDP0243', 'P202', 'DP143', 500000, 2),
('CTDP0244', 'P303', 'DP144', 600000, 2),
('CTDP0245', 'P301', 'DP144', 300000, 1),
('CTDP0246', 'P305', 'DP145', 1000000, 4),
('CTDP0247', 'P101', 'DP145', 300000, 1),
('CTDP0248', 'P103', 'DP145', 600000, 1),
('CTDP0249', 'P403', 'DP146', 600000, 2),
('CTDP0250', 'P404', 'DP147', 700000, 2),
('CTDP0251', 'P204', 'DP147', 700000, 1),
('CTDP0252', 'P102', 'DP148', 500000, 2),
('CTDP0253', 'P301', 'DP148', 300000, 1),
('CTDP0254', 'P304', 'DP149', 700000, 1),
('CTDP0255', 'P402', 'DP149', 500000, 1),
('CTDP0256', 'P404', 'DP150', 700000, 2),
('CTDP0257', 'P402', 'DP150', 500000, 1),
('CTDP0258', 'P104', 'DP151', 700000, 2),
('CTDP0259', 'P405', 'DP152', 1000000, 3),
('CTDP0260', 'P401', 'DP153', 300000, 1),
('CTDP0261', 'P405', 'DP154', 1000000, 2),
('CTDP0262', 'P405', 'DP155', 1000000, 4),
('CTDP0263', 'P504', 'DP155', 700000, 2),
('CTDP0264', 'P203', 'DP156', 600000, 2),
('CTDP0265', 'P105', 'DP156', 1000000, 3),
('CTDP0266', 'P104', 'DP157', 700000, 2),
('CTDP0267', 'P403', 'DP158', 600000, 2),
('CTDP0268', 'P503', 'DP158', 600000, 2),
('CTDP0269', 'P404', 'DP158', 700000, 2),
('CTDP0270', 'P305', 'DP159', 1000000, 3),
('CTDP0271', 'P505', 'DP160', 1000000, 1),
('CTDP0272', 'P503', 'DP160', 600000, 1),
('CTDP0273', 'P103', 'DP161', 600000, 1),
('CTDP0274', 'P303', 'DP162', 600000, 1),
('CTDP0275', 'P404', 'DP162', 700000, 3),
('CTDP0276', 'P502', 'DP163', 500000, 2),
('CTDP0277', 'P303', 'DP163', 600000, 1),
('CTDP0278', 'P104', 'DP164', 700000, 3),
('CTDP0279', 'P304', 'DP165', 700000, 3),
('CTDP0280', 'P205', 'DP165', 1000000, 2),
('CTDP0281', 'P201', 'DP166', 300000, 1),
('CTDP0282', 'P102', 'DP167', 500000, 1),
('CTDP0283', 'P201', 'DP168', 300000, 1),
('CTDP0284', 'P204', 'DP169', 700000, 3),
('CTDP0285', 'P401', 'DP169', 300000, 1),
('CTDP0286', 'P102', 'DP170', 500000, 2),
('CTDP0287', 'P105', 'DP171', 1000000, 3),
('CTDP0288', 'P302', 'DP171', 500000, 2),
('CTDP0289', 'P403', 'DP172', 600000, 1),
('CTDP0290', 'P501', 'DP173', 300000, 1),
('CTDP0291', 'P202', 'DP174', 500000, 1),
('CTDP0292', 'P203', 'DP175', 600000, 2),
('CTDP0293', 'P303', 'DP175', 600000, 1),
('CTDP0294', 'P201', 'DP176', 300000, 1),
('CTDP0295', 'P403', 'DP176', 600000, 1),
('CTDP0296', 'P401', 'DP177', 300000, 1),
('CTDP0297', 'P405', 'DP178', 1000000, 1),
('CTDP0298', 'P501', 'DP179', 300000, 1),
('CTDP0299', 'P202', 'DP180', 500000, 1),
('CTDP0300', 'P403', 'DP180', 600000, 2),
('CTDP0301', 'P103', 'DP180', 600000, 1),
('CTDP0302', 'P502', 'DP181', 500000, 2),
('CTDP0303', 'P102', 'DP181', 500000, 2),
('CTDP0304', 'P301', 'DP181', 300000, 1),
('CTDP0305', 'P301', 'DP182', 300000, 1),
('CTDP0306', 'P204', 'DP182', 700000, 3),
('CTDP0307', 'P101', 'DP182', 300000, 1),
('CTDP0308', 'P104', 'DP183', 700000, 3),
('CTDP0309', 'P304', 'DP184', 700000, 2),
('CTDP0310', 'P502', 'DP185', 500000, 1),
('CTDP0311', 'P404', 'DP186', 700000, 3),
('CTDP0312', 'P101', 'DP186', 300000, 1),
('CTDP0313', 'P204', 'DP187', 700000, 2),
('CTDP0314', 'P502', 'DP187', 500000, 1),
('CTDP0315', 'P103', 'DP188', 600000, 2),
('CTDP0316', 'P402', 'DP189', 500000, 2),
('CTDP0317', 'P201', 'DP189', 300000, 1),
('CTDP0318', 'P305', 'DP189', 1000000, 3),
('CTDP0319', 'P501', 'DP190', 300000, 1),
('CTDP0320', 'P504', 'DP191', 700000, 2),
('CTDP0321', 'P301', 'DP191', 300000, 1),
('CTDP0322', 'P302', 'DP192', 500000, 1),
('CTDP0323', 'P404', 'DP192', 700000, 2),
('CTDP0324', 'P505', 'DP193', 1000000, 1),
('CTDP0325', 'P304', 'DP194', 700000, 2);

-- [BANG DICHVUSUDUNG]
INSERT INTO DichVuSuDung (maDV, maCTDP, ngaySuDung, soLuong, giaDV, trangThai) VALUES
('DV004', 'CTDP0001', '2026-03-04', 2, 20000, 1),
('DV010', 'CTDP0001', '2026-03-05', 1, 300000, 1),
('DV007', 'CTDP0003', '2026-03-05', 3, 100000, 1),
('DV012', 'CTDP0003', '2026-03-08', 2, 400000, 1),
('DV004', 'CTDP0008', '2026-03-07', 2, 20000, 1),
('DV007', 'CTDP0008', '2026-03-07', 1, 100000, 1),
('DV011', 'CTDP0008', '2026-03-07', 2, 400000, 1),
('DV009', 'CTDP0013', '2026-03-07', 3, 200000, 1),
('DV012', 'CTDP0018', '2026-03-08', 3, 400000, 1),
('DV002', 'CTDP0018', '2026-03-08', 1, 80000, 1),
('DV008', 'CTDP0024', '2026-03-06', 2, 200000, 1),
('DV006', 'CTDP0025', '2026-03-07', 1, 20000, 1),
('DV004', 'CTDP0025', '2026-03-06', 1, 20000, 1),
('DV007', 'CTDP0025', '2026-03-06', 2, 100000, 1),
('DV008', 'CTDP0026', '2026-03-05', 2, 200000, 1),
('DV002', 'CTDP0026', '2026-03-06', 3, 80000, 1),
('DV011', 'CTDP0026', '2026-03-06', 3, 400000, 1),
('DV005', 'CTDP0031', '2026-03-13', 3, 30000, 1),
('DV008', 'CTDP0031', '2026-03-13', 1, 200000, 1),
('DV008', 'CTDP0035', '2026-03-15', 1, 200000, 1),
('DV009', 'CTDP0035', '2026-03-17', 1, 200000, 1),
('DV012', 'CTDP0036', '2026-03-13', 2, 400000, 1),
('DV004', 'CTDP0036', '2026-03-13', 1, 20000, 1),
('DV010', 'CTDP0038', '2026-03-12', 1, 300000, 1),
('DV009', 'CTDP0038', '2026-03-12', 3, 200000, 1),
('DV008', 'CTDP0039', '2026-03-12', 1, 200000, 1),
('DV012', 'CTDP0039', '2026-03-11', 3, 400000, 1),
('DV001', 'CTDP0042', '2026-03-11', 3, 15000, 1),
('DV010', 'CTDP0042', '2026-03-12', 2, 300000, 1),
('DV009', 'CTDP0043', '2026-03-10', 3, 200000, 1),
('DV005', 'CTDP0043', '2026-03-10', 1, 30000, 1),
('DV012', 'CTDP0047', '2026-03-16', 1, 400000, 1),
('DV010', 'CTDP0047', '2026-03-19', 1, 300000, 1),
('DV007', 'CTDP0047', '2026-03-15', 3, 100000, 1),
('DV005', 'CTDP0048', '2026-03-21', 3, 30000, 1),
('DV008', 'CTDP0051', '2026-03-20', 1, 200000, 1),
('DV011', 'CTDP0051', '2026-03-20', 2, 400000, 1),
('DV008', 'CTDP0057', '2026-03-19', 1, 200000, 1),
('DV001', 'CTDP0057', '2026-03-19', 2, 15000, 1),
('DV012', 'CTDP0057', '2026-03-19', 3, 400000, 1),
('DV007', 'CTDP0060', '2026-03-20', 3, 100000, 1),
('DV009', 'CTDP0060', '2026-03-19', 1, 200000, 1),
('DV003', 'CTDP0060', '2026-03-22', 2, 100000, 1),
('DV011', 'CTDP0063', '2026-03-24', 2, 400000, 1),
('DV012', 'CTDP0063', '2026-03-24', 2, 400000, 1),
('DV007', 'CTDP0064', '2026-03-23', 3, 100000, 1),
('DV003', 'CTDP0064', '2026-03-22', 1, 100000, 1),
('DV005', 'CTDP0065', '2026-03-20', 1, 30000, 1),
('DV001', 'CTDP0065', '2026-03-20', 3, 15000, 1),
('DV004', 'CTDP0066', '2026-03-25', 2, 20000, 1),
('DV003', 'CTDP0066', '2026-03-25', 2, 100000, 1),
('DV001', 'CTDP0066', '2026-03-25', 1, 15000, 1),
('DV004', 'CTDP0067', '2026-03-24', 1, 20000, 1),
('DV002', 'CTDP0067', '2026-03-25', 3, 80000, 1),
('DV003', 'CTDP0067', '2026-03-24', 2, 100000, 1),
('DV007', 'CTDP0069', '2026-03-25', 3, 100000, 1),
('DV001', 'CTDP0069', '2026-03-25', 3, 15000, 1),
('DV011', 'CTDP0069', '2026-03-25', 1, 400000, 1),
('DV011', 'CTDP0070', '2026-03-24', 1, 400000, 1),
('DV007', 'CTDP0072', '2026-03-28', 3, 100000, 1),
('DV003', 'CTDP0072', '2026-03-28', 1, 100000, 1),
('DV010', 'CTDP0074', '2026-03-26', 3, 300000, 1),
('DV008', 'CTDP0076', '2026-03-28', 1, 200000, 1),
('DV003', 'CTDP0077', '2026-03-23', 1, 100000, 1),
('DV011', 'CTDP0077', '2026-03-23', 3, 400000, 1),
('DV009', 'CTDP0077', '2026-03-23', 2, 200000, 1),
('DV001', 'CTDP0078', '2026-03-30', 2, 15000, 1),
('DV010', 'CTDP0078', '2026-03-27', 1, 300000, 1),
('DV007', 'CTDP0078', '2026-03-29', 1, 100000, 1),
('DV009', 'CTDP0079', '2026-03-30', 1, 200000, 1),
('DV010', 'CTDP0079', '2026-03-30', 2, 300000, 1),
('DV011', 'CTDP0079', '2026-03-31', 2, 400000, 1),
('DV011', 'CTDP0081', '2026-03-24', 3, 400000, 1),
('DV002', 'CTDP0081', '2026-03-24', 3, 80000, 1),
('DV008', 'CTDP0083', '2026-03-27', 1, 200000, 1),
('DV003', 'CTDP0088', '2026-03-27', 2, 100000, 1),
('DV006', 'CTDP0088', '2026-03-27', 2, 20000, 1),
('DV005', 'CTDP0088', '2026-03-25', 3, 30000, 1),
('DV006', 'CTDP0089', '2026-03-28', 1, 20000, 1),
('DV010', 'CTDP0089', '2026-03-31', 3, 300000, 1),
('DV002', 'CTDP0093', '2026-03-26', 3, 80000, 1),
('DV007', 'CTDP0093', '2026-03-25', 2, 100000, 1),
('DV003', 'CTDP0094', '2026-04-03', 1, 100000, 1),
('DV009', 'CTDP0098', '2026-04-01', 1, 200000, 1),
('DV011', 'CTDP0099', '2026-04-01', 2, 400000, 1),
('DV012', 'CTDP0099', '2026-04-01', 3, 400000, 1),
('DV002', 'CTDP0099', '2026-04-01', 1, 80000, 1),
('DV012', 'CTDP0100', '2026-03-30', 3, 400000, 1),
('DV010', 'CTDP0100', '2026-03-30', 2, 300000, 1),
('DV006', 'CTDP0101', '2026-04-01', 3, 20000, 1),
('DV005', 'CTDP0101', '2026-03-31', 1, 30000, 1),
('DV002', 'CTDP0101', '2026-03-31', 1, 80000, 1),
('DV011', 'CTDP0103', '2026-03-28', 2, 400000, 1),
('DV001', 'CTDP0103', '2026-03-29', 3, 15000, 1),
('DV011', 'CTDP0109', '2026-04-03', 1, 400000, 1),
('DV007', 'CTDP0109', '2026-04-02', 1, 100000, 1),
('DV001', 'CTDP0110', '2026-04-04', 3, 15000, 1),
('DV006', 'CTDP0113', '2026-04-10', 1, 20000, 1),
('DV012', 'CTDP0113', '2026-04-10', 3, 400000, 1),
('DV010', 'CTDP0113', '2026-04-10', 3, 300000, 1),
('DV008', 'CTDP0114', '2026-04-10', 1, 200000, 1),
('DV006', 'CTDP0115', '2026-04-06', 1, 20000, 1),
('DV003', 'CTDP0115', '2026-04-06', 3, 100000, 1),
('DV002', 'CTDP0117', '2026-04-07', 3, 80000, 1),
('DV008', 'CTDP0117', '2026-04-08', 1, 200000, 1),
('DV005', 'CTDP0119', '2026-04-10', 2, 30000, 1),
('DV009', 'CTDP0121', '2026-04-14', 3, 200000, 1),
('DV007', 'CTDP0121', '2026-04-13', 3, 100000, 1),
('DV004', 'CTDP0127', '2026-04-15', 3, 20000, 1),
('DV012', 'CTDP0127', '2026-04-17', 2, 400000, 1),
('DV011', 'CTDP0127', '2026-04-17', 2, 400000, 1),
('DV006', 'CTDP0128', '2026-04-15', 3, 20000, 1),
('DV009', 'CTDP0128', '2026-04-16', 2, 200000, 1),
('DV010', 'CTDP0128', '2026-04-15', 1, 300000, 1),
('DV004', 'CTDP0130', '2026-04-16', 3, 20000, 1),
('DV011', 'CTDP0130', '2026-04-16', 3, 400000, 1),
('DV009', 'CTDP0130', '2026-04-16', 3, 200000, 1),
('DV008', 'CTDP0134', '2026-04-11', 1, 200000, 1),
('DV008', 'CTDP0136', '2026-04-15', 3, 200000, 1),
('DV009', 'CTDP0136', '2026-04-14', 2, 200000, 1),
('DV009', 'CTDP0137', '2026-04-12', 2, 200000, 1),
('DV011', 'CTDP0144', '2026-04-18', 1, 400000, 1),
('DV006', 'CTDP0144', '2026-04-18', 3, 20000, 1),
('DV001', 'CTDP0146', '2026-04-17', 1, 15000, 1),
('DV009', 'CTDP0146', '2026-04-15', 2, 200000, 1),
('DV008', 'CTDP0147', '2026-04-16', 2, 200000, 1),
('DV002', 'CTDP0147', '2026-04-17', 1, 80000, 1),
('DV012', 'CTDP0147', '2026-04-14', 3, 400000, 1),
('DV011', 'CTDP0148', '2026-04-17', 3, 400000, 1),
('DV005', 'CTDP0148', '2026-04-17', 2, 30000, 1),
('DV008', 'CTDP0149', '2026-04-17', 1, 200000, 1),
('DV005', 'CTDP0154', '2026-04-19', 3, 30000, 1),
('DV011', 'CTDP0154', '2026-04-19', 3, 400000, 1),
('DV006', 'CTDP0154', '2026-04-20', 3, 20000, 1),
('DV010', 'CTDP0162', '2026-04-22', 3, 300000, 1),
('DV009', 'CTDP0164', '2026-04-21', 3, 200000, 1),
('DV002', 'CTDP0164', '2026-04-21', 2, 80000, 1),
('DV007', 'CTDP0165', '2026-04-21', 1, 100000, 1),
('DV006', 'CTDP0165', '2026-04-21', 3, 20000, 1),
('DV006', 'CTDP0169', '2026-04-18', 1, 20000, 1),
('DV007', 'CTDP0169', '2026-04-18', 2, 100000, 1),
('DV003', 'CTDP0171', '2026-04-19', 3, 100000, 1),
('DV011', 'CTDP0171', '2026-04-19', 2, 400000, 1),
('DV009', 'CTDP0172', '2026-04-20', 2, 200000, 1),
('DV008', 'CTDP0172', '2026-04-19', 1, 200000, 1),
('DV003', 'CTDP0172', '2026-04-20', 1, 100000, 1),
('DV001', 'CTDP0173', '2026-04-18', 3, 15000, 1),
('DV011', 'CTDP0173', '2026-04-18', 3, 400000, 1),
('DV004', 'CTDP0173', '2026-04-18', 2, 20000, 1),
('DV003', 'CTDP0176', '2026-04-21', 2, 100000, 1),
('DV007', 'CTDP0176', '2026-04-23', 3, 100000, 1),
('DV011', 'CTDP0176', '2026-04-22', 2, 400000, 1),
('DV010', 'CTDP0180', '2026-04-20', 3, 300000, 1),
('DV003', 'CTDP0180', '2026-04-20', 3, 100000, 1),
('DV012', 'CTDP0181', '2026-04-20', 3, 400000, 1),
('DV004', 'CTDP0182', '2026-04-23', 1, 20000, 1),
('DV006', 'CTDP0182', '2026-04-23', 1, 20000, 1),
('DV007', 'CTDP0184', '2026-04-22', 3, 100000, 1),
('DV006', 'CTDP0184', '2026-04-22', 2, 20000, 1),
('DV012', 'CTDP0186', '2026-04-22', 2, 400000, 1),
('DV011', 'CTDP0189', '2026-04-23', 2, 400000, 1),
('DV003', 'CTDP0189', '2026-04-24', 3, 100000, 1),
('DV010', 'CTDP0191', '2026-04-20', 3, 300000, 1),
('DV007', 'CTDP0192', '2026-04-20', 3, 100000, 1),
('DV001', 'CTDP0198', '2026-04-23', 1, 15000, 1),
('DV002', 'CTDP0201', '2026-04-23', 2, 80000, 1),
('DV009', 'CTDP0201', '2026-04-24', 1, 200000, 1),
('DV009', 'CTDP0203', '2026-04-24', 2, 200000, 1),
('DV009', 'CTDP0204', '2026-04-23', 3, 200000, 1),
('DV003', 'CTDP0204', '2026-04-24', 2, 100000, 1),
('DV002', 'CTDP0204', '2026-04-24', 2, 80000, 1),
('DV009', 'CTDP0205', '2026-04-24', 1, 200000, 1),
('DV007', 'CTDP0205', '2026-04-23', 3, 100000, 1),
('DV003', 'CTDP0205', '2026-04-23', 2, 100000, 1),
('DV007', 'CTDP0206', '2026-04-30', 3, 100000, 1),
('DV011', 'CTDP0206', '2026-04-30', 1, 400000, 1),
('DV008', 'CTDP0206', '2026-04-29', 1, 200000, 1),
('DV009', 'CTDP0208', '2026-04-30', 3, 200000, 1),
('DV007', 'CTDP0210', '2026-05-01', 3, 100000, 1),
('DV004', 'CTDP0211', '2026-04-30', 2, 20000, 1),
('DV012', 'CTDP0211', '2026-05-01', 3, 400000, 1),
('DV005', 'CTDP0211', '2026-04-30', 3, 30000, 1),
('DV008', 'CTDP0212', '2026-04-30', 2, 200000, 1),
('DV003', 'CTDP0212', '2026-05-01', 3, 100000, 1),
('DV007', 'CTDP0214', '2026-04-27', 3, 100000, 1),
('DV006', 'CTDP0214', '2026-04-28', 1, 20000, 1),
('DV006', 'CTDP0215', '2026-04-27', 2, 20000, 1),
('DV009', 'CTDP0216', '2026-05-02', 3, 200000, 1),
('DV004', 'CTDP0216', '2026-05-02', 3, 20000, 1),
('DV011', 'CTDP0216', '2026-05-01', 3, 400000, 1),
('DV009', 'CTDP0217', '2026-05-01', 1, 200000, 1),
('DV001', 'CTDP0217', '2026-05-01', 2, 15000, 1),
('DV005', 'CTDP0217', '2026-05-02', 3, 30000, 1),
('DV005', 'CTDP0218', '2026-04-28', 2, 30000, 1),
('DV006', 'CTDP0218', '2026-04-29', 1, 20000, 1),
('DV008', 'CTDP0218', '2026-04-29', 3, 200000, 1),
('DV004', 'CTDP0219', '2026-04-29', 3, 20000, 1),
('DV010', 'CTDP0221', '2026-04-26', 3, 300000, 1),
('DV005', 'CTDP0221', '2026-04-26', 3, 30000, 1),
('DV012', 'CTDP0221', '2026-04-25', 1, 400000, 1),
('DV012', 'CTDP0228', '2026-04-29', 2, 400000, 1),
('DV008', 'CTDP0228', '2026-04-29', 1, 200000, 1),
('DV001', 'CTDP0229', '2026-05-06', 1, 15000, 1),
('DV003', 'CTDP0229', '2026-05-04', 3, 100000, 1),
('DV003', 'CTDP0231', '2026-05-04', 3, 100000, 1),
('DV010', 'CTDP0232', '2026-04-30', 1, 300000, 1),
('DV008', 'CTDP0233', '2026-04-28', 3, 200000, 1),
('DV005', 'CTDP0235', '2026-05-06', 1, 30000, 1),
('DV011', 'CTDP0240', '2026-05-01', 2, 400000, 1),
('DV004', 'CTDP0240', '2026-05-02', 1, 20000, 1),
('DV008', 'CTDP0241', '2026-05-08', 3, 200000, 1),
('DV007', 'CTDP0242', '2026-05-09', 2, 100000, 1),
('DV002', 'CTDP0245', '2026-05-01', 2, 80000, 1),
('DV004', 'CTDP0246', '2026-05-09', 2, 20000, 1),
('DV010', 'CTDP0246', '2026-05-09', 3, 300000, 1),
('DV002', 'CTDP0247', '2026-05-10', 1, 80000, 1),
('DV010', 'CTDP0247', '2026-05-09', 3, 300000, 1),
('DV008', 'CTDP0247', '2026-05-10', 2, 200000, 1),
('DV005', 'CTDP0249', '2026-05-05', 1, 30000, 1),
('DV007', 'CTDP0249', '2026-05-06', 3, 100000, 1),
('DV006', 'CTDP0249', '2026-05-06', 1, 20000, 1),
('DV003', 'CTDP0251', '2026-05-03', 1, 100000, 1),
('DV012', 'CTDP0251', '2026-05-04', 1, 400000, 1),
('DV001', 'CTDP0251', '2026-05-04', 3, 15000, 1),
('DV010', 'CTDP0252', '2026-05-11', 1, 300000, 1),
('DV006', 'CTDP0252', '2026-05-11', 3, 20000, 1),
('DV001', 'CTDP0252', '2026-05-11', 1, 15000, 1),
('DV009', 'CTDP0253', '2026-05-10', 3, 200000, 1),
('DV005', 'CTDP0253', '2026-05-10', 3, 30000, 1),
('DV008', 'CTDP0253', '2026-05-11', 1, 200000, 1),
('DV005', 'CTDP0255', '2026-05-07', 2, 30000, 1),
('DV010', 'CTDP0255', '2026-05-06', 1, 300000, 1),
('DV001', 'CTDP0255', '2026-05-06', 3, 15000, 1),
('DV012', 'CTDP0256', '2026-05-12', 1, 400000, 1),
('DV011', 'CTDP0256', '2026-05-13', 3, 400000, 1),
('DV011', 'CTDP0266', '2026-05-08', 3, 400000, 1),
('DV009', 'CTDP0266', '2026-05-08', 3, 200000, 1),
('DV008', 'CTDP0266', '2026-05-08', 1, 200000, 1),
('DV011', 'CTDP0267', '2026-05-09', 1, 400000, 1),
('DV007', 'CTDP0267', '2026-05-09', 2, 100000, 1),
('DV006', 'CTDP0267', '2026-05-09', 1, 20000, 1),
('DV003', 'CTDP0268', '2026-05-09', 1, 100000, 1),
('DV007', 'CTDP0268', '2026-05-09', 3, 100000, 1),
('DV001', 'CTDP0269', '2026-05-09', 3, 15000, 1),
('DV003', 'CTDP0269', '2026-05-09', 1, 100000, 1),
('DV002', 'CTDP0269', '2026-05-09', 2, 80000, 1),
('DV004', 'CTDP0270', '2026-05-12', 3, 20000, 1),
('DV012', 'CTDP0270', '2026-05-13', 3, 400000, 1),
('DV002', 'CTDP0270', '2026-05-14', 3, 80000, 1),
('DV008', 'CTDP0272', '2026-05-14', 3, 200000, 1),
('DV012', 'CTDP0276', '2026-05-10', 2, 400000, 1),
('DV002', 'CTDP0276', '2026-05-09', 1, 80000, 1),
('DV005', 'CTDP0278', '2026-05-13', 3, 30000, 1),
('DV010', 'CTDP0278', '2026-05-13', 3, 300000, 1),
('DV004', 'CTDP0286', '2026-05-15', 1, 20000, 1),
('DV008', 'CTDP0286', '2026-05-14', 1, 200000, 1),
('DV006', 'CTDP0286', '2026-05-14', 3, 20000, 1),
('DV008', 'CTDP0287', '2026-05-15', 1, 200000, 1),
('DV009', 'CTDP0287', '2026-05-17', 3, 200000, 1),
('DV005', 'CTDP0289', '2026-05-16', 2, 30000, 1),
('DV009', 'CTDP0289', '2026-05-18', 2, 200000, 1),
('DV003', 'CTDP0291', '2026-05-17', 1, 100000, 1),
('DV002', 'CTDP0291', '2026-05-17', 2, 80000, 1),
('DV010', 'CTDP0291', '2026-05-17', 2, 300000, 1),
('DV006', 'CTDP0292', '2026-05-17', 3, 20000, 1),
('DV003', 'CTDP0292', '2026-05-15', 2, 100000, 1),
('DV008', 'CTDP0292', '2026-05-16', 3, 200000, 1),
('DV001', 'CTDP0294', '2026-05-14', 2, 15000, 1),
('DV002', 'CTDP0294', '2026-05-14', 1, 80000, 1),
('DV003', 'CTDP0295', '2026-05-14', 3, 100000, 1),
('DV010', 'CTDP0297', '2026-05-14', 3, 300000, 1),
('DV005', 'CTDP0297', '2026-05-14', 1, 30000, 1),
('DV007', 'CTDP0298', '2026-05-15', 2, 100000, 1),
('DV002', 'CTDP0298', '2026-05-14', 2, 80000, 1),
('DV004', 'CTDP0298', '2026-05-15', 3, 20000, 1),
('DV003', 'CTDP0303', '2026-05-21', 3, 100000, 1),
('DV005', 'CTDP0304', '2026-05-22', 3, 30000, 1),
('DV010', 'CTDP0310', '2026-05-13', 2, 300000, 1),
('DV009', 'CTDP0310', '2026-05-13', 1, 200000, 1),
('DV010', 'CTDP0311', '2026-05-15', 1, 300000, 1),
('DV004', 'CTDP0311', '2026-05-15', 1, 20000, 1),
('DV007', 'CTDP0311', '2026-05-15', 1, 100000, 1),
('DV007', 'CTDP0312', '2026-05-15', 1, 100000, 1),
('DV012', 'CTDP0312', '2026-05-15', 2, 400000, 1),
('DV001', 'CTDP0312', '2026-05-16', 1, 15000, 1),
('DV006', 'CTDP0314', '2026-05-17', 3, 20000, 1),
('DV010', 'CTDP0314', '2026-05-16', 3, 300000, 1),
('DV009', 'CTDP0321', '2026-05-17', 3, 200000, 1),
('DV007', 'CTDP0323', '2026-05-20', 2, 100000, 1),
('DV003', 'CTDP0323', '2026-05-20', 3, 100000, 1),
('DV008', 'CTDP0324', '2026-05-17', 2, 200000, 1);

-- [BANG HOADON]
INSERT INTO HoaDon (maHD, maDat, maNV, ngayTaoHD, tienPhong, tienDV, tienCoc, thueVAT, tongTien, doanhThu, loaiHD, trangThaiThanhToan, ghiChuThanhToan, phu_thu, phu_phi_tra_muon) VALUES
('HD001', 'DP001', 'LUCIA006', '2026-03-07 18:37:00.000', 1200000, 340000, 300000, 0.1, 1559000, 1859000, N'HOA_DON_PHONG', N'DA_THANH_TOAN', N'Tra muon 1 ngay - phu thu 50%', 0, 150000),
('HD002', 'DP002', 'LUCIA005', '2026-03-05 12:00:00.000', 1500000, 0, 500000, 0.1, 1150000, 1650000, N'HOA_DON_PHONG', N'DA_THANH_TOAN', NULL, 0, 0),
('HD003', 'DP003', 'LUCIA004', '2026-03-10 12:00:00.000', 8000000, 1100000, 1600000, 0.1, 8410000, 10010000, N'HOA_DON_PHONG', N'DA_THANH_TOAN', NULL, 0, 0),
('HD004', 'DP004', 'LUCIA010', '2026-03-09 14:23:00.000', 5600000, 0, 1400000, 0.1, 5530000, 6930000, N'HOA_DON_PHONG', N'DA_THANH_TOAN', N'Tra muon 1 ngay - phu thu 50%', 0, 700000),
('HD005', 'DP005', 'LUCIA004', '2026-03-08 12:00:00.000', 1500000, 940000, 1500000, 0.1, 1184000, 2684000, N'HOA_DON_PHONG', N'DA_THANH_TOAN', NULL, 0, 0),
('HD006', 'DP006', 'LUCIA005', '2026-03-02 16:38:00.000', 0, 0, 900000, 0.1, 0, 0, N'HOA_DON_PHONG', N'DA_MAT_COC', N'Mat coc do huy muon', 0, 0),
('HD007', 'DP007', 'LUCIA003', '2026-03-02 15:36:00.000', 0, 0, 1000000, 0.1, 0, 0, N'HOA_DON_PHONG', N'DA_MAT_COC', N'Mat coc do huy muon', 0, 0),
('HD008', 'DP008', 'LUCIA012', '2026-03-10 12:00:00.000', 4000000, 600000, 1000000, 0.1, 4060000, 5060000, N'HOA_DON_PHONG', N'DA_THANH_TOAN', NULL, 0, 0),
('HD009', 'DP009', 'LUCIA008', '2026-03-03 20:17:00.000', 0, 0, 1800000, 0.1, 0, 0, N'HOA_DON_HOAN_TIEN', N'DA_HOAN_COC', N'Hoan coc do huy som', 0, 0),
('HD010', 'DP010', 'LUCIA003', '2026-03-09 12:00:00.000', 600000, 1280000, 600000, 0.1, 1468000, 2068000, N'HOA_DON_PHONG', N'DA_THANH_TOAN', NULL, 0, 0),
('HD011', 'DP011', 'LUCIA010', '2026-03-07 12:00:00.000', 900000, 0, 300000, 0.1, 690000, 990000, N'HOA_DON_PHONG', N'DA_THANH_TOAN', NULL, 0, 0),
('HD012', 'DP012', 'LUCIA009', '2026-03-03 18:49:00.000', 0, 0, 2600000, 0.1, 0, 0, N'HOA_DON_PHONG', N'DA_MAT_COC', N'Mat coc do huy muon', 0, 0),
('HD013', 'DP013', 'LUCIA011', '2026-03-08 12:00:00.000', 1000000, 0, 500000, 0.1, 600000, 1100000, N'HOA_DON_PHONG', N'DA_THANH_TOAN', NULL, 0, 0),
('HD014', 'DP014', 'LUCIA010', '2026-03-08 12:00:00.000', 3200000, 640000, 1600000, 0.1, 2624000, 4224000, N'HOA_DON_PHONG', N'DA_THANH_TOAN', NULL, 0, 0),
('HD015', 'DP015', 'LUCIA008', '2026-03-09 12:00:00.000', 2800000, 1840000, 700000, 0.1, 4404000, 5104000, N'HOA_DON_PHONG', N'DA_THANH_TOAN', NULL, 0, 0),
('HD016', 'DP016', 'LUCIA009', '2026-03-05 10:02:00.000', 0, 0, 1200000, 0.1, 0, 0, N'HOA_DON_HOAN_TIEN', N'DA_HOAN_COC', N'Hoan coc do huy som', 0, 0),
('HD017', 'DP017', 'LUCIA011', '2026-03-06 10:55:00.000', 0, 0, 2000000, 0.1, 0, 0, N'HOA_DON_PHONG', N'DA_MAT_COC', N'Mat coc do huy muon', 0, 0),
('HD018', 'DP018', 'LUCIA008', '2026-03-14 12:00:00.000', 1400000, 290000, 700000, 0.1, 1159000, 1859000, N'HOA_DON_PHONG', N'DA_THANH_TOAN', NULL, 0, 0),
('HD019', 'DP019', 'LUCIA010', '2026-03-07 13:23:00.000', 0, 0, 1100000, 0.1, 0, 0, N'HOA_DON_HOAN_TIEN', N'DA_HOAN_COC', N'Hoan coc do huy som', 0, 0),
('HD020', 'DP020', 'LUCIA004', '2026-03-12 12:00:00.000', 2400000, 0, 600000, 0.1, 2040000, 2640000, N'HOA_DON_PHONG', N'DA_THANH_TOAN', NULL, 0, 0),
('HD021', 'DP021', 'LUCIA005', '2026-03-19 12:00:00.000', 1200000, 400000, 300000, 0.1, 1460000, 1760000, N'HOA_DON_PHONG', N'DA_THANH_TOAN', NULL, 0, 0),
('HD022', 'DP022', 'LUCIA010', '2026-03-14 13:50:00.000', 4800000, 1720000, 1600000, 0.1, 6452000, 8052000, N'HOA_DON_PHONG', N'DA_THANH_TOAN', N'Tra muon 1 ngay - phu thu 50%', 0, 800000),
('HD023', 'DP023', 'LUCIA012', '2026-03-13 14:07:00.000', 1500000, 1400000, 500000, 0.1, 2965000, 3465000, N'HOA_DON_PHONG', N'DA_THANH_TOAN', N'Tra muon 1 ngay - phu thu 50%', 0, 250000),
('HD024', 'DP024', 'LUCIA008', '2026-03-09 12:31:00.000', 0, 0, 1300000, 0.1, 0, 0, N'HOA_DON_PHONG', N'DA_MAT_COC', N'Mat coc do huy muon', 0, 0),
('HD025', 'DP025', 'LUCIA010', '2026-03-14 13:42:00.000', 4000000, 1275000, 800000, 0.1, 5442500, 6242500, N'HOA_DON_PHONG', N'DA_THANH_TOAN', N'Tra muon 1 ngay - phu thu 50%', 0, 400000),
('HD026', 'DP026', 'LUCIA008', '2026-03-11 14:37:00.000', 0, 0, 2400000, 0.1, 0, 0, N'HOA_DON_PHONG', N'DA_MAT_COC', N'Mat coc do huy muon', 0, 0),
('HD027', 'DP027', 'LUCIA011', '2026-03-20 12:00:00.000', 2500000, 1000000, 500000, 0.1, 3350000, 3850000, N'HOA_DON_PHONG', N'DA_THANH_TOAN', NULL, 0, 0),
('HD028', 'DP028', 'LUCIA003', '2026-03-23 12:00:00.000', 1200000, 90000, 300000, 0.1, 1119000, 1419000, N'HOA_DON_PHONG', N'DA_THANH_TOAN', NULL, 0, 0),
('HD029', 'DP029', 'LUCIA007', '2026-03-15 12:00:00.000', 1000000, 0, 1000000, 0.1, 100000, 1100000, N'HOA_DON_PHONG', N'DA_THANH_TOAN', NULL, 0, 0),
('HD030', 'DP030', 'LUCIA006', '2026-03-21 12:00:00.000', 2400000, 1000000, 1200000, 0.1, 2540000, 3740000, N'HOA_DON_PHONG', N'DA_THANH_TOAN', NULL, 0, 0),
('HD031', 'DP031', 'LUCIA003', '2026-03-14 18:29:00.000', 0, 0, 1700000, 0.1, 0, 0, N'HOA_DON_PHONG', N'DA_MAT_COC', N'Mat coc do huy muon', 0, 0),
('HD032', 'DP032', 'LUCIA006', '2026-03-15 11:00:00.000', 0, 0, 600000, 0.1, 0, 0, N'HOA_DON_HOAN_TIEN', N'DA_HOAN_COC', N'Hoan coc do huy som', 0, 0),
('HD033', 'DP033', 'LUCIA009', '2026-03-19 12:00:00.000', 600000, 0, 600000, 0.1, 60000, 660000, N'HOA_DON_PHONG', N'DA_THANH_TOAN', NULL, 0, 0),
('HD034', 'DP034', 'LUCIA005', '2026-03-20 12:00:00.000', 1600000, 1430000, 1600000, 0.1, 1733000, 3333000, N'HOA_DON_PHONG', N'DA_THANH_TOAN', NULL, 0, 0),
('HD035', 'DP035', 'LUCIA007', '2026-03-24 12:00:00.000', 6500000, 700000, 1300000, 0.1, 6620000, 7920000, N'HOA_DON_PHONG', N'DA_THANH_TOAN', NULL, 0, 0),
('HD036', 'DP036', 'LUCIA011', '2026-03-18 14:28:00.000', 0, 0, 1200000, 0.1, 0, 0, N'HOA_DON_HOAN_TIEN', N'DA_HOAN_COC', N'Hoan coc do huy som', 0, 0),
('HD037', 'DP037', 'LUCIA011', '2026-03-25 12:00:00.000', 2700000, 2000000, 900000, 0.1, 4270000, 5170000, N'HOA_DON_PHONG', N'DA_THANH_TOAN', NULL, 0, 0),
('HD038', 'DP038', 'LUCIA005', '2026-03-21 12:00:00.000', 300000, 75000, 300000, 0.1, 112500, 412500, N'HOA_DON_PHONG', N'DA_THANH_TOAN', NULL, 0, 0),
('HD039', 'DP039', 'LUCIA010', '2026-03-26 12:00:00.000', 700000, 255000, 700000, 0.1, 350500, 1050500, N'HOA_DON_PHONG', N'DA_THANH_TOAN', NULL, 0, 0),
('HD040', 'DP040', 'LUCIA009', '2026-03-26 12:00:00.000', 4400000, 1205000, 2200000, 0.1, 3965500, 6165500, N'HOA_DON_PHONG', N'DA_THANH_TOAN', NULL, 0, 0),
('HD041', 'DP041', 'LUCIA004', '2026-03-25 12:00:00.000', 2100000, 400000, 700000, 0.1, 2050000, 2750000, N'HOA_DON_PHONG', N'DA_THANH_TOAN', NULL, 0, 0),
('HD042', 'DP042', 'LUCIA004', '2026-03-23 12:00:00.000', 700000, 0, 700000, 0.1, 70000, 770000, N'HOA_DON_PHONG', N'DA_THANH_TOAN', NULL, 0, 0),
('HD043', 'DP043', 'LUCIA007', '2026-03-29 12:00:00.000', 1000000, 400000, 1000000, 0.1, 540000, 1540000, N'HOA_DON_PHONG', N'DA_THANH_TOAN', NULL, 0, 0),
('HD044', 'DP044', 'LUCIA007', '2026-03-27 12:00:00.000', 700000, 900000, 700000, 0.1, 1060000, 1760000, N'HOA_DON_PHONG', N'DA_THANH_TOAN', NULL, 0, 0),
('HD045', 'DP045', 'LUCIA003', '2026-03-31 12:00:00.000', 4800000, 200000, 1600000, 0.1, 3900000, 5500000, N'HOA_DON_PHONG', N'DA_THANH_TOAN', NULL, 0, 0),
('HD046', 'DP046', 'LUCIA003', '2026-03-25 09:15:00.000', 1200000, 1700000, 600000, 0.1, 2920000, 3520000, N'HOA_DON_PHONG', N'DA_THANH_TOAN', N'Tra muon 1 ngay - phu thu 50%', 0, 300000),
('HD047', 'DP047', 'LUCIA004', '2026-04-01 12:00:00.000', 6500000, 2030000, 1300000, 0.1, 8083000, 9383000, N'HOA_DON_PHONG', N'DA_THANH_TOAN', NULL, 0, 0),
('HD048', 'DP048', 'LUCIA011', '2026-03-27 12:00:00.000', 3000000, 1440000, 1000000, 0.1, 3884000, 4884000, N'HOA_DON_PHONG', N'DA_THANH_TOAN', NULL, 0, 0),
('HD049', 'DP049', 'LUCIA005', '2026-03-29 12:00:00.000', 4800000, 200000, 1600000, 0.1, 3900000, 5500000, N'HOA_DON_PHONG', N'DA_THANH_TOAN', NULL, 0, 0),
('HD050', 'DP050', 'LUCIA010', '2026-03-23 18:24:00.000', 0, 0, 800000, 0.1, 0, 0, N'HOA_DON_PHONG', N'DA_MAT_COC', N'Mat coc do huy muon', 0, 0),
('HD051', 'DP051', 'LUCIA012', '2026-03-30 14:35:00.000', 1500000, 0, 500000, 0.1, 1425000, 1925000, N'HOA_DON_PHONG', N'DA_THANH_TOAN', N'Tra muon 1 ngay - phu thu 50%', 0, 250000),
('HD052', 'DP052', 'LUCIA010', '2026-03-24 16:13:00.000', 0, 0, 300000, 0.1, 0, 0, N'HOA_DON_HOAN_TIEN', N'DA_HOAN_COC', N'Hoan coc do huy som', 0, 0),
('HD053', 'DP053', 'LUCIA004', '2026-03-28 12:00:00.000', 2100000, 330000, 700000, 0.1, 1973000, 2673000, N'HOA_DON_PHONG', N'DA_THANH_TOAN', NULL, 0, 0),
('HD054', 'DP054', 'LUCIA009', '2026-04-02 15:55:00.000', 6000000, 920000, 1000000, 0.1, 7162000, 8162000, N'HOA_DON_PHONG', N'DA_THANH_TOAN', N'Tra muon 1 ngay - phu thu 50%', 0, 500000),
('HD055', 'DP055', 'LUCIA009', '2026-03-27 12:00:00.000', 3600000, 0, 1200000, 0.1, 2760000, 3960000, N'HOA_DON_PHONG', N'DA_THANH_TOAN', NULL, 0, 0),
('HD056', 'DP056', 'LUCIA005', '2026-03-29 12:00:00.000', 2000000, 440000, 500000, 0.1, 2184000, 2684000, N'HOA_DON_PHONG', N'DA_THANH_TOAN', NULL, 0, 0),
('HD057', 'DP057', 'LUCIA009', '2026-04-05 15:35:00.000', 4800000, 100000, 1200000, 0.1, 5510000, 6710000, N'HOA_DON_PHONG', N'DA_THANH_TOAN', N'Tra muon 2 ngay - phu thu 50%', 0, 1200000),
('HD058', 'DP058', 'LUCIA005', '2026-04-04 13:28:00.000', 5600000, 0, 1400000, 0.1, 5530000, 6930000, N'HOA_DON_PHONG', N'DA_THANH_TOAN', N'Tra muon 1 ngay - phu thu 50%', 0, 700000),
('HD059', 'DP059', 'LUCIA005', '2026-04-02 12:00:00.000', 1600000, 2280000, 1600000, 0.1, 2668000, 4268000, N'HOA_DON_PHONG', N'DA_THANH_TOAN', NULL, 0, 0),
('HD060', 'DP060', 'LUCIA009', '2026-03-31 19:58:00.000', 1400000, 1800000, 700000, 0.1, 3205000, 3905000, N'HOA_DON_PHONG', N'DA_THANH_TOAN', N'Tra muon 1 ngay - phu thu 50%', 0, 350000),
('HD061', 'DP061', 'LUCIA008', '2026-04-02 12:00:00.000', 1800000, 170000, 900000, 0.1, 1267000, 2167000, N'HOA_DON_PHONG', N'DA_THANH_TOAN', NULL, 0, 0),
('HD062', 'DP062', 'LUCIA010', '2026-03-31 12:00:00.000', 3000000, 845000, 1000000, 0.1, 3229500, 4229500, N'HOA_DON_PHONG', N'DA_THANH_TOAN', NULL, 0, 0),
('HD063', 'DP063', 'LUCIA007', '2026-03-28 11:18:00.000', 0, 0, 900000, 0.1, 0, 0, N'HOA_DON_HOAN_TIEN', N'DA_HOAN_COC', N'Hoan coc do huy som', 0, 0),
('HD064', 'DP064', 'LUCIA008', '2026-03-28 12:29:00.000', 0, 0, 1000000, 0.1, 0, 0, N'HOA_DON_HOAN_TIEN', N'DA_HOAN_COC', N'Hoan coc do huy som', 0, 0),
('HD065', 'DP065', 'LUCIA004', '2026-03-29 12:00:00.000', 300000, 0, 300000, 0.1, 30000, 330000, N'HOA_DON_PHONG', N'DA_THANH_TOAN', NULL, 0, 0),
('HD066', 'DP066', 'LUCIA004', '2026-04-05 12:00:00.000', 4800000, 545000, 1600000, 0.1, 4279500, 5879500, N'HOA_DON_PHONG', N'DA_THANH_TOAN', NULL, 0, 0),
('HD067', 'DP067', 'LUCIA006', '2026-04-10 12:00:00.000', 1000000, 0, 1000000, 0.1, 100000, 1100000, N'HOA_DON_PHONG', N'DA_THANH_TOAN', NULL, 0, 0),
('HD068', 'DP068', 'LUCIA008', '2026-04-11 12:00:00.000', 1700000, 2320000, 1700000, 0.1, 2722000, 4422000, N'HOA_DON_PHONG', N'DA_THANH_TOAN', NULL, 0, 0),
('HD069', 'DP069', 'LUCIA006', '2026-04-08 15:39:00.000', 2100000, 320000, 700000, 0.1, 2732000, 3432000, N'HOA_DON_PHONG', N'DA_THANH_TOAN', N'Tra muon 2 ngay - phu thu 50%', 0, 700000),
('HD070', 'DP070', 'LUCIA008', '2026-04-04 10:21:00.000', 0, 0, 700000, 0.1, 0, 0, N'HOA_DON_HOAN_TIEN', N'DA_HOAN_COC', N'Hoan coc do huy som', 0, 0),
('HD071', 'DP071', 'LUCIA004', '2026-04-09 12:00:00.000', 1200000, 440000, 600000, 0.1, 1204000, 1804000, N'HOA_DON_PHONG', N'DA_THANH_TOAN', NULL, 0, 0),
('HD072', 'DP072', 'LUCIA003', '2026-04-10 12:00:00.000', 1500000, 0, 500000, 0.1, 1150000, 1650000, N'HOA_DON_PHONG', N'DA_THANH_TOAN', NULL, 0, 0),
('HD073', 'DP073', 'LUCIA011', '2026-04-11 12:00:00.000', 700000, 60000, 700000, 0.1, 136000, 836000, N'HOA_DON_PHONG', N'DA_THANH_TOAN', NULL, 0, 0),
('HD074', 'DP074', 'LUCIA007', '2026-04-15 13:40:00.000', 4500000, 900000, 1500000, 0.1, 5265000, 6765000, N'HOA_DON_PHONG', N'DA_THANH_TOAN', N'Tra muon 1 ngay - phu thu 50%', 0, 750000),
('HD075', 'DP075', 'LUCIA007', '2026-04-16 14:23:00.000', 4000000, 0, 1000000, 0.1, 3950000, 4950000, N'HOA_DON_PHONG', N'DA_THANH_TOAN', N'Tra muon 1 ngay - phu thu 50%', 0, 500000),
('HD076', 'DP076', 'LUCIA004', '2026-04-07 17:02:00.000', 0, 0, 600000, 0.1, 0, 0, N'HOA_DON_PHONG', N'DA_MAT_COC', N'Mat coc do huy muon', 0, 0),
('HD077', 'DP077', 'LUCIA007', '2026-04-10 12:00:00.000', 1800000, 0, 600000, 0.1, 1380000, 1980000, N'HOA_DON_PHONG', N'DA_THANH_TOAN', NULL, 0, 0),
('HD078', 'DP078', 'LUCIA007', '2026-04-14 12:00:00.000', 1200000, 0, 600000, 0.1, 720000, 1320000, N'HOA_DON_PHONG', N'DA_THANH_TOAN', NULL, 0, 0),
('HD079', 'DP079', 'LUCIA003', '2026-04-18 20:36:00.000', 4000000, 1660000, 1000000, 0.1, 5776000, 6776000, N'HOA_DON_PHONG', N'DA_THANH_TOAN', N'Tra muon 1 ngay - phu thu 50%', 0, 500000),
('HD080', 'DP080', 'LUCIA003', '2026-04-17 14:14:00.000', 2000000, 760000, 500000, 0.1, 2811000, 3311000, N'HOA_DON_PHONG', N'DA_THANH_TOAN', N'Tra muon 1 ngay - phu thu 50%', 0, 250000),
('HD081', 'DP081', 'LUCIA008', '2026-04-18 14:36:00.000', 7600000, 1860000, 1900000, 0.1, 9551000, 11451000, N'HOA_DON_PHONG', N'DA_THANH_TOAN', N'Tra muon 1 ngay - phu thu 50%', 0, 950000),
('HD082', 'DP082', 'LUCIA005', '2026-04-13 12:00:00.000', 1500000, 0, 500000, 0.1, 1150000, 1650000, N'HOA_DON_PHONG', N'DA_THANH_TOAN', NULL, 0, 0),
('HD083', 'DP083', 'LUCIA004', '2026-04-14 12:00:00.000', 4800000, 200000, 1600000, 0.1, 3900000, 5500000, N'HOA_DON_PHONG', N'DA_THANH_TOAN', NULL, 0, 0),
('HD084', 'DP084', 'LUCIA009', '2026-04-16 12:00:00.000', 1200000, 1000000, 600000, 0.1, 1820000, 2420000, N'HOA_DON_PHONG', N'DA_THANH_TOAN', NULL, 0, 0),
('HD085', 'DP085', 'LUCIA010', '2026-04-13 12:00:00.000', 1000000, 400000, 1000000, 0.1, 540000, 1540000, N'HOA_DON_PHONG', N'DA_THANH_TOAN', NULL, 0, 0),
('HD086', 'DP086', 'LUCIA005', '2026-04-12 12:00:00.000', 600000, 0, 600000, 0.1, 60000, 660000, N'HOA_DON_PHONG', N'DA_THANH_TOAN', NULL, 0, 0),
('HD087', 'DP087', 'LUCIA008', '2026-04-15 17:55:00.000', 2100000, 0, 700000, 0.1, 1995000, 2695000, N'HOA_DON_PHONG', N'DA_THANH_TOAN', N'Tra muon 1 ngay - phu thu 50%', 0, 350000),
('HD088', 'DP088', 'LUCIA007', '2026-04-11 14:25:00.000', 0, 0, 1100000, 0.1, 0, 0, N'HOA_DON_HOAN_TIEN', N'DA_HOAN_COC', N'Hoan coc do huy som', 0, 0),
('HD089', 'DP089', 'LUCIA007', '2026-04-19 12:00:00.000', 4500000, 460000, 1500000, 0.1, 3956000, 5456000, N'HOA_DON_PHONG', N'DA_THANH_TOAN', NULL, 0, 0),
('HD090', 'DP090', 'LUCIA012', '2026-04-18 12:00:00.000', 7200000, 2095000, 1800000, 0.1, 8424500, 10224500, N'HOA_DON_PHONG', N'DA_THANH_TOAN', NULL, 0, 0),
('HD091', 'DP091', 'LUCIA009', '2026-04-19 15:01:00.000', 9000000, 1460000, 1800000, 0.1, 11686000, 13486000, N'HOA_DON_PHONG', N'DA_THANH_TOAN', N'Tra muon 2 ngay - phu thu 50%', 0, 1800000),
('HD092', 'DP092', 'LUCIA007', '2026-04-16 12:41:00.000', 4800000, 0, 1600000, 0.1, 4560000, 6160000, N'HOA_DON_PHONG', N'DA_THANH_TOAN', N'Tra muon 1 ngay - phu thu 50%', 0, 800000),
('HD093', 'DP093', 'LUCIA004', '2026-04-22 10:31:00.000', 1500000, 1350000, 500000, 0.1, 2910000, 3410000, N'HOA_DON_PHONG', N'DA_THANH_TOAN', N'Tra muon 1 ngay - phu thu 50%', 0, 250000),
('HD094', 'DP094', 'LUCIA004', '2026-04-13 15:52:00.000', 0, 0, 1400000, 0.1, 0, 0, N'HOA_DON_PHONG', N'DA_MAT_COC', N'Mat coc do huy muon', 0, 0),
('HD095', 'DP095', 'LUCIA004', '2026-04-20 12:00:00.000', 2600000, 0, 1300000, 0.1, 1560000, 2860000, N'HOA_DON_PHONG', N'DA_THANH_TOAN', NULL, 0, 0),
('HD096', 'DP096', 'LUCIA012', '2026-04-13 10:59:00.000', 0, 0, 700000, 0.1, 0, 0, N'HOA_DON_HOAN_TIEN', N'DA_HOAN_COC', N'Hoan coc do huy som', 0, 0),
('HD097', 'DP097', 'LUCIA012', '2026-04-24 12:00:00.000', 4500000, 900000, 900000, 0.1, 5040000, 5940000, N'HOA_DON_PHONG', N'DA_THANH_TOAN', NULL, 0, 0),
('HD098', 'DP098', 'LUCIA003', '2026-04-18 12:00:00.000', 1400000, 0, 700000, 0.1, 840000, 1540000, N'HOA_DON_PHONG', N'DA_THANH_TOAN', NULL, 0, 0),
('HD099', 'DP099', 'LUCIA008', '2026-04-22 12:00:00.000', 2000000, 920000, 2000000, 0.1, 1212000, 3212000, N'HOA_DON_PHONG', N'DA_THANH_TOAN', NULL, 0, 0),
('HD100', 'DP100', 'LUCIA003', '2026-04-14 18:09:00.000', 0, 0, 1300000, 0.1, 0, 0, N'HOA_DON_HOAN_TIEN', N'DA_HOAN_COC', N'Hoan coc do huy som', 0, 0),
('HD101', 'DP101', 'LUCIA008', '2026-04-14 10:54:00.000', 0, 0, 600000, 0.1, 0, 0, N'HOA_DON_PHONG', N'DA_MAT_COC', N'Mat coc do huy muon', 0, 0),
('HD102', 'DP102', 'LUCIA011', '2026-04-21 12:00:00.000', 6900000, 1320000, 2300000, 0.1, 6742000, 9042000, N'HOA_DON_PHONG', N'DA_THANH_TOAN', NULL, 0, 0),
('HD103', 'DP103', 'LUCIA008', '2026-04-23 13:20:00.000', 5600000, 1985000, 800000, 0.1, 8863500, 9663500, N'HOA_DON_PHONG', N'DA_THANH_TOAN', N'Tra muon 3 ngay - phu thu 50%', 0, 1200000),
('HD104', 'DP104', 'LUCIA012', '2026-04-25 12:00:00.000', 7200000, 1300000, 1800000, 0.1, 7550000, 9350000, N'HOA_DON_PHONG', N'DA_THANH_TOAN', NULL, 0, 0),
('HD105', 'DP105', 'LUCIA009', '2026-04-15 15:43:00.000', 0, 0, 500000, 0.1, 0, 0, N'HOA_DON_HOAN_TIEN', N'DA_HOAN_COC', N'Hoan coc do huy som', 0, 0),
('HD106', 'DP106', 'LUCIA010', '2026-04-21 12:00:00.000', 1600000, 1200000, 1600000, 0.1, 1480000, 3080000, N'HOA_DON_PHONG', N'DA_THANH_TOAN', NULL, 0, 0),
('HD107', 'DP107', 'LUCIA008', '2026-04-21 12:00:00.000', 1000000, 1200000, 500000, 0.1, 1920000, 2420000, N'HOA_DON_PHONG', N'DA_THANH_TOAN', NULL, 0, 0),
('HD108', 'DP108', 'LUCIA007', '2026-04-24 12:00:00.000', 3300000, 40000, 1100000, 0.1, 2574000, 3674000, N'HOA_DON_PHONG', N'DA_THANH_TOAN', NULL, 0, 0),
('HD109', 'DP109', 'LUCIA012', '2026-04-23 12:00:00.000', 500000, 340000, 500000, 0.1, 424000, 924000, N'HOA_DON_PHONG', N'DA_THANH_TOAN', NULL, 0, 0),
('HD110', 'DP110', 'LUCIA003', '2026-04-21 16:44:00.000', 1200000, 0, 600000, 0.1, 1050000, 1650000, N'HOA_DON_PHONG', N'DA_THANH_TOAN', N'Tra muon 1 ngay - phu thu 50%', 0, 300000),
('HD111', 'DP111', 'LUCIA007', '2026-04-24 14:26:00.000', 2100000, 800000, 700000, 0.1, 2875000, 3575000, N'HOA_DON_PHONG', N'DA_THANH_TOAN', N'Tra muon 1 ngay - phu thu 50%', 0, 350000),
('HD112', 'DP112', 'LUCIA004', '2026-04-17 10:49:00.000', 0, 0, 300000, 0.1, 0, 0, N'HOA_DON_HOAN_TIEN', N'DA_HOAN_COC', N'Hoan coc do huy som', 0, 0),
('HD113', 'DP113', 'LUCIA004', '2026-04-25 12:00:00.000', 4000000, 1100000, 2000000, 0.1, 3610000, 5610000, N'HOA_DON_PHONG', N'DA_THANH_TOAN', NULL, 0, 0),
('HD114', 'DP114', 'LUCIA006', '2026-04-21 20:57:00.000', 600000, 900000, 300000, 0.1, 1515000, 1815000, N'HOA_DON_PHONG', N'DA_THANH_TOAN', N'Tra muon 1 ngay - phu thu 50%', 0, 150000),
('HD115', 'DP115', 'LUCIA005', '2026-04-21 15:00:00.000', 4800000, 300000, 2400000, 0.1, 4530000, 6930000, N'HOA_DON_PHONG', N'DA_THANH_TOAN', N'Tra muon 1 ngay - phu thu 50%', 0, 1200000),
('HD116', 'DP116', 'LUCIA008', '2026-04-25 12:00:00.000', 6000000, 0, 2000000, 0.1, 4600000, 6600000, N'HOA_DON_PHONG', N'DA_THANH_TOAN', NULL, 0, 0),
('HD117', 'DP117', 'LUCIA004', '2026-04-24 14:47:00.000', 4800000, 15000, 1600000, 0.1, 4576500, 6176500, N'HOA_DON_PHONG', N'DA_THANH_TOAN', N'Tra muon 1 ngay - phu thu 50%', 0, 800000),
('HD118', 'DP118', 'LUCIA011', '2026-04-19 16:52:00.000', 0, 0, 300000, 0.1, 0, 0, N'HOA_DON_HOAN_TIEN', N'DA_HOAN_COC', N'Hoan coc do huy som', 0, 0),
('HD119', 'DP119', 'LUCIA005', '2026-04-27 12:00:00.000', 3500000, 360000, 700000, 0.1, 3546000, 4246000, N'HOA_DON_PHONG', N'DA_THANH_TOAN', NULL, 0, 0),
('HD120', 'DP120', 'LUCIA006', '2026-04-21 17:21:00.000', 0, 0, 700000, 0.1, 0, 0, N'HOA_DON_HOAN_TIEN', N'DA_HOAN_COC', N'Hoan coc do huy som', 0, 0),
('HD121', 'DP121', 'LUCIA003', '2026-04-26 09:52:00.000', 5400000, 2060000, 1800000, 0.1, 7396000, 9196000, N'HOA_DON_PHONG', N'DA_THANH_TOAN', N'Tra muon 1 ngay - phu thu 50%', 0, 900000),
('HD122', 'DP122', 'LUCIA011', '2026-05-01 12:00:00.000', 2600000, 900000, 1300000, 0.1, 2550000, 3850000, N'HOA_DON_PHONG', N'DA_THANH_TOAN', NULL, 0, 0),
('HD123', 'DP123', 'LUCIA010', '2026-05-01 12:00:00.000', 1100000, 600000, 1100000, 0.1, 770000, 1870000, N'HOA_DON_PHONG', N'DA_THANH_TOAN', NULL, 0, 0),
('HD124', 'DP124', 'LUCIA008', '2026-05-02 12:00:00.000', 600000, 300000, 300000, 0.1, 690000, 990000, N'HOA_DON_PHONG', N'DA_THANH_TOAN', NULL, 0, 0),
('HD125', 'DP125', 'LUCIA010', '2026-05-02 12:00:00.000', 2600000, 2030000, 1300000, 0.1, 3793000, 5093000, N'HOA_DON_PHONG', N'DA_THANH_TOAN', NULL, 0, 0),
('HD126', 'DP126', 'LUCIA012', '2026-05-01 12:00:00.000', 1000000, 0, 1000000, 0.1, 100000, 1100000, N'HOA_DON_PHONG', N'DA_THANH_TOAN', NULL, 0, 0),
('HD127', 'DP127', 'LUCIA011', '2026-04-29 12:00:00.000', 1200000, 360000, 600000, 0.1, 1116000, 1716000, N'HOA_DON_PHONG', N'DA_THANH_TOAN', NULL, 0, 0),
('HD128', 'DP128', 'LUCIA007', '2026-05-04 11:49:00.000', 3000000, 2180000, 1000000, 0.1, 5248000, 6248000, N'HOA_DON_PHONG', N'DA_THANH_TOAN', N'Tra muon 1 ngay - phu thu 50%', 0, 500000),
('HD129', 'DP129', 'LUCIA010', '2026-04-30 12:00:00.000', 600000, 680000, 300000, 0.1, 1108000, 1408000, N'HOA_DON_PHONG', N'DA_THANH_TOAN', NULL, 0, 0),
('HD130', 'DP130', 'LUCIA007', '2026-05-01 12:00:00.000', 3000000, 60000, 1500000, 0.1, 1866000, 3366000, N'HOA_DON_PHONG', N'DA_THANH_TOAN', NULL, 0, 0),
('HD131', 'DP131', 'LUCIA011', '2026-04-29 15:22:00.000', 3500000, 1390000, 700000, 0.1, 5064000, 5764000, N'HOA_DON_PHONG', N'DA_THANH_TOAN', N'Tra muon 1 ngay - phu thu 50%', 0, 350000),
('HD132', 'DP132', 'LUCIA004', '2026-05-02 12:00:00.000', 4800000, 0, 1200000, 0.1, 4080000, 5280000, N'HOA_DON_PHONG', N'DA_THANH_TOAN', NULL, 0, 0),
('HD133', 'DP133', 'LUCIA006', '2026-04-26 14:28:00.000', 0, 0, 1000000, 0.1, 0, 0, N'HOA_DON_PHONG', N'DA_MAT_COC', N'Mat coc do huy muon', 0, 0),
('HD134', 'DP134', 'LUCIA007', '2026-04-26 15:05:00.000', 0, 0, 900000, 0.1, 0, 0, N'HOA_DON_HOAN_TIEN', N'DA_HOAN_COC', N'Hoan coc do huy som', 0, 0),
('HD135', 'DP135', 'LUCIA008', '2026-05-01 12:00:00.000', 3000000, 1000000, 1500000, 0.1, 2900000, 4400000, N'HOA_DON_PHONG', N'DA_THANH_TOAN', NULL, 0, 0),
('HD136', 'DP136', 'LUCIA003', '2026-05-07 12:00:00.000', 11500000, 615000, 2300000, 0.1, 11026500, 13326500, N'HOA_DON_PHONG', N'DA_THANH_TOAN', NULL, 0, 0),
('HD137', 'DP137', 'LUCIA012', '2026-05-02 13:51:00.000', 2100000, 300000, 700000, 0.1, 2710000, 3410000, N'HOA_DON_PHONG', N'DA_THANH_TOAN', N'Tra muon 2 ngay - phu thu 50%', 0, 700000),
('HD138', 'DP138', 'LUCIA011', '2026-05-02 12:00:00.000', 1200000, 600000, 300000, 0.1, 1680000, 1980000, N'HOA_DON_PHONG', N'DA_THANH_TOAN', NULL, 0, 0),
('HD139', 'DP139', 'LUCIA006', '2026-04-28 10:12:00.000', 0, 0, 500000, 0.1, 0, 0, N'HOA_DON_HOAN_TIEN', N'DA_HOAN_COC', N'Hoan coc do huy som', 0, 0),
('HD140', 'DP140', 'LUCIA008', '2026-05-08 14:42:00.000', 5200000, 30000, 1300000, 0.1, 5168000, 6468000, N'HOA_DON_PHONG', N'DA_THANH_TOAN', N'Tra muon 1 ngay - phu thu 50%', 0, 650000),
('HD141', 'DP141', 'LUCIA012', '2026-05-01 18:09:00.000', 0, 0, 1500000, 0.1, 0, 0, N'HOA_DON_PHONG', N'DA_MAT_COC', N'Mat coc do huy muon', 0, 0),
('HD142', 'DP142', 'LUCIA008', '2026-05-03 12:00:00.000', 600000, 820000, 300000, 0.1, 1262000, 1562000, N'HOA_DON_PHONG', N'DA_THANH_TOAN', NULL, 0, 0),
('HD143', 'DP143', 'LUCIA011', '2026-05-12 14:23:00.000', 10000000, 800000, 2000000, 0.1, 10980000, 12980000, N'HOA_DON_PHONG', N'DA_THANH_TOAN', N'Tra muon 1 ngay - phu thu 50%', 0, 1000000),
('HD144', 'DP144', 'LUCIA008', '2026-05-06 11:49:00.000', 4500000, 160000, 900000, 0.1, 4721000, 5621000, N'HOA_DON_PHONG', N'DA_THANH_TOAN', N'Tra muon 1 ngay - phu thu 50%', 0, 450000),
('HD145', 'DP145', 'LUCIA010', '2026-05-11 13:28:00.000', 7600000, 2320000, 1900000, 0.1, 10057000, 11957000, N'HOA_DON_PHONG', N'DA_THANH_TOAN', N'Tra muon 1 ngay - phu thu 50%', 0, 950000),
('HD146', 'DP146', 'LUCIA007', '2026-05-07 12:00:00.000', 1200000, 350000, 600000, 0.1, 1105000, 1705000, N'HOA_DON_PHONG', N'DA_THANH_TOAN', NULL, 0, 0),
('HD147', 'DP147', 'LUCIA008', '2026-05-05 13:28:00.000', 4200000, 545000, 1400000, 0.1, 4589500, 5989500, N'HOA_DON_PHONG', N'DA_THANH_TOAN', N'Tra muon 1 ngay - phu thu 50%', 0, 700000),
('HD148', 'DP148', 'LUCIA004', '2026-05-12 12:00:00.000', 1600000, 1265000, 800000, 0.1, 2351500, 3151500, N'HOA_DON_PHONG', N'DA_THANH_TOAN', NULL, 0, 0),
('HD149', 'DP149', 'LUCIA004', '2026-05-08 19:17:00.000', 3600000, 405000, 1200000, 0.1, 3865500, 5065500, N'HOA_DON_PHONG', N'DA_THANH_TOAN', N'Tra muon 1 ngay - phu thu 50%', 0, 600000),
('HD150', 'DP150', 'LUCIA007', '2026-05-14 12:00:00.000', 2400000, 1600000, 1200000, 0.1, 3200000, 4400000, N'HOA_DON_PHONG', N'DA_THANH_TOAN', NULL, 0, 0),
('HD151', 'DP151', 'LUCIA004', '2026-05-05 17:58:00.000', 0, 0, 700000, 0.1, 0, 0, N'HOA_DON_HOAN_TIEN', N'DA_HOAN_COC', N'Hoan coc do huy som', 0, 0),
('HD152', 'DP152', 'LUCIA007', '2026-05-05 13:46:00.000', 0, 0, 1000000, 0.1, 0, 0, N'HOA_DON_PHONG', N'DA_MAT_COC', N'Mat coc do huy muon', 0, 0),
('HD153', 'DP153', 'LUCIA007', '2026-05-10 12:00:00.000', 600000, 0, 300000, 0.1, 360000, 660000, N'HOA_DON_PHONG', N'DA_THANH_TOAN', NULL, 0, 0),
('HD154', 'DP154', 'LUCIA008', '2026-05-10 14:22:00.000', 5000000, 0, 1000000, 0.1, 5050000, 6050000, N'HOA_DON_PHONG', N'DA_THANH_TOAN', N'Tra muon 1 ngay - phu thu 50%', 0, 500000),
('HD155', 'DP155', 'LUCIA010', '2026-05-05 14:54:00.000', 0, 0, 1700000, 0.1, 0, 0, N'HOA_DON_HOAN_TIEN', N'DA_HOAN_COC', N'Hoan coc do huy som', 0, 0),
('HD156', 'DP156', 'LUCIA004', '2026-05-13 12:00:00.000', 3200000, 0, 1600000, 0.1, 1920000, 3520000, N'HOA_DON_PHONG', N'DA_THANH_TOAN', NULL, 0, 0),
('HD157', 'DP157', 'LUCIA008', '2026-05-09 20:15:00.000', 1400000, 2000000, 700000, 0.1, 3425000, 4125000, N'HOA_DON_PHONG', N'DA_THANH_TOAN', N'Tra muon 1 ngay - phu thu 50%', 0, 350000),
('HD158', 'DP158', 'LUCIA005', '2026-05-10 12:00:00.000', 1900000, 1325000, 1900000, 0.1, 1647500, 3547500, N'HOA_DON_PHONG', N'DA_THANH_TOAN', NULL, 0, 0),
('HD159', 'DP159', 'LUCIA003', '2026-05-15 12:00:00.000', 3000000, 1500000, 1000000, 0.1, 3950000, 4950000, N'HOA_DON_PHONG', N'DA_THANH_TOAN', NULL, 0, 0),
('HD160', 'DP160', 'LUCIA010', '2026-05-16 14:31:00.000', 4800000, 600000, 1600000, 0.1, 5220000, 6820000, N'HOA_DON_PHONG', N'DA_THANH_TOAN', N'Tra muon 1 ngay - phu thu 50%', 0, 800000),
('HD161', 'DP161', 'LUCIA006', '2026-05-08 17:29:00.000', 0, 0, 600000, 0.1, 0, 0, N'HOA_DON_HOAN_TIEN', N'DA_HOAN_COC', N'Hoan coc do huy som', 0, 0),
('HD162', 'DP162', 'LUCIA009', '2026-05-08 16:54:00.000', 0, 0, 1300000, 0.1, 0, 0, N'HOA_DON_HOAN_TIEN', N'DA_HOAN_COC', N'Hoan coc do huy som', 0, 0),
('HD163', 'DP163', 'LUCIA004', '2026-05-12 12:00:00.000', 3300000, 880000, 1100000, 0.1, 3498000, 4598000, N'HOA_DON_PHONG', N'DA_THANH_TOAN', NULL, 0, 0),
('HD164', 'DP164', 'LUCIA006', '2026-05-14 20:22:00.000', 1400000, 990000, 700000, 0.1, 2314000, 3014000, N'HOA_DON_PHONG', N'DA_THANH_TOAN', N'Tra muon 1 ngay - phu thu 50%', 0, 350000),
('HD165', 'DP165', 'LUCIA008', '2026-05-16 12:00:00.000', 8500000, 0, 1700000, 0.1, 7650000, 9350000, N'HOA_DON_PHONG', N'DA_THANH_TOAN', NULL, 0, 0),
('HD166', 'DP166', 'LUCIA006', '2026-05-09 09:25:00.000', 0, 0, 300000, 0.1, 0, 0, N'HOA_DON_HOAN_TIEN', N'DA_HOAN_COC', N'Hoan coc do huy som', 0, 0),
('HD167', 'DP167', 'LUCIA007', '2026-05-09 13:53:00.000', 0, 0, 500000, 0.1, 0, 0, N'HOA_DON_PHONG', N'DA_MAT_COC', N'Mat coc do huy muon', 0, 0),
('HD168', 'DP168', 'LUCIA008', '2026-05-12 12:00:00.000', 900000, 0, 300000, 0.1, 690000, 990000, N'HOA_DON_PHONG', N'DA_THANH_TOAN', NULL, 0, 0),
('HD169', 'DP169', 'LUCIA005', '2026-05-09 18:19:00.000', 0, 0, 1000000, 0.1, 0, 0, N'HOA_DON_PHONG', N'DA_MAT_COC', N'Mat coc do huy muon', 0, 0),
('HD170', 'DP170', 'LUCIA003', '2026-05-16 12:00:00.000', 1000000, 280000, 500000, 0.1, 908000, 1408000, N'HOA_DON_PHONG', N'DA_THANH_TOAN', NULL, 0, 0),
('HD171', 'DP171', 'LUCIA007', '2026-05-18 12:00:00.000', 6000000, 800000, 1500000, 0.1, 5980000, 7480000, N'HOA_DON_PHONG', N'DA_THANH_TOAN', NULL, 0, 0),
('HD172', 'DP172', 'LUCIA005', '2026-05-19 12:00:00.000', 1800000, 460000, 600000, 0.1, 1886000, 2486000, N'HOA_DON_PHONG', N'DA_THANH_TOAN', NULL, 0, 0),
('HD173', 'DP173', 'LUCIA010', '2026-05-10 17:27:00.000', 0, 0, 300000, 0.1, 0, 0, N'HOA_DON_HOAN_TIEN', N'DA_HOAN_COC', N'Hoan coc do huy som', 0, 0),
('HD174', 'DP174', 'LUCIA010', '2026-05-19 12:00:00.000', 2000000, 860000, 500000, 0.1, 2646000, 3146000, N'HOA_DON_PHONG', N'DA_THANH_TOAN', NULL, 0, 0),
('HD175', 'DP175', 'LUCIA011', '2026-05-19 14:49:00.000', 6000000, 860000, 1200000, 0.1, 7666000, 8866000, N'HOA_DON_PHONG', N'DA_THANH_TOAN', N'Tra muon 2 ngay - phu thu 50%', 0, 1200000),
('HD176', 'DP176', 'LUCIA006', '2026-05-15 12:00:00.000', 900000, 410000, 900000, 0.1, 541000, 1441000, N'HOA_DON_PHONG', N'DA_THANH_TOAN', NULL, 0, 0),
('HD177', 'DP177', 'LUCIA004', '2026-05-19 12:00:00.000', 600000, 0, 300000, 0.1, 360000, 660000, N'HOA_DON_PHONG', N'DA_THANH_TOAN', NULL, 0, 0),
('HD178', 'DP178', 'LUCIA010', '2026-05-15 12:00:00.000', 2000000, 930000, 1000000, 0.1, 2223000, 3223000, N'HOA_DON_PHONG', N'DA_THANH_TOAN', NULL, 0, 0),
('HD179', 'DP179', 'LUCIA009', '2026-05-16 12:00:00.000', 900000, 420000, 300000, 0.1, 1152000, 1452000, N'HOA_DON_PHONG', N'DA_THANH_TOAN', NULL, 0, 0),
('HD180', 'DP180', 'LUCIA007', '2026-05-13 10:24:00.000', 0, 0, 1700000, 0.1, 0, 0, N'HOA_DON_HOAN_TIEN', N'DA_HOAN_COC', N'Hoan coc do huy som', 0, 0),
('HD181', 'DP181', 'LUCIA008', '2026-05-25 10:31:00.000', 7800000, 390000, 1300000, 0.1, 8424000, 9724000, N'HOA_DON_PHONG', N'DA_THANH_TOAN', N'Tra muon 1 ngay - phu thu 50%', 0, 650000),
('HD182', 'DP182', 'LUCIA004', '2026-05-13 20:57:00.000', 0, 0, 1300000, 0.1, 0, 0, N'HOA_DON_HOAN_TIEN', N'DA_HOAN_COC', N'Hoan coc do huy som', 0, 0),
('HD183', 'DP183', 'LUCIA008', '2026-05-13 16:57:00.000', 0, 0, 700000, 0.1, 0, 0, N'HOA_DON_HOAN_TIEN', N'DA_HOAN_COC', N'Hoan coc do huy som', 0, 0),
('HD184', 'DP184', 'LUCIA007', '2026-05-21 12:00:00.000', 700000, 0, 700000, 0.1, 70000, 770000, N'HOA_DON_PHONG', N'DA_THANH_TOAN', NULL, 0, 0),
('HD185', 'DP185', 'LUCIA011', '2026-05-15 12:00:00.000', 1000000, 800000, 500000, 0.1, 1480000, 1980000, N'HOA_DON_PHONG', N'DA_THANH_TOAN', NULL, 0, 0),
('HD186', 'DP186', 'LUCIA010', '2026-05-18 13:12:00.000', 4000000, 1335000, 1000000, 0.1, 5418500, 6418500, N'HOA_DON_PHONG', N'DA_THANH_TOAN', N'Tra muon 1 ngay - phu thu 50%', 0, 500000),
('HD187', 'DP187', 'LUCIA011', '2026-05-18 12:00:00.000', 2400000, 960000, 1200000, 0.1, 2496000, 3696000, N'HOA_DON_PHONG', N'DA_THANH_TOAN', NULL, 0, 0),
('HD188', 'DP188', 'LUCIA006', '2026-05-14 10:41:00.000', 0, 0, 600000, 0.1, 0, 0, N'HOA_DON_PHONG', N'DA_MAT_COC', N'Mat coc do huy muon', 0, 0),
('HD189', 'DP189', 'LUCIA003', '2026-05-19 12:00:00.000', 5400000, 0, 1800000, 0.1, 4140000, 5940000, N'HOA_DON_PHONG', N'DA_THANH_TOAN', NULL, 0, 0),
('HD190', 'DP190', 'LUCIA010', '2026-05-15 16:12:00.000', 0, 0, 300000, 0.1, 0, 0, N'HOA_DON_PHONG', N'DA_MAT_COC', N'Mat coc do huy muon', 0, 0),
('HD191', 'DP191', 'LUCIA007', '2026-05-18 12:00:00.000', 3000000, 600000, 1000000, 0.1, 2960000, 3960000, N'HOA_DON_PHONG', N'DA_THANH_TOAN', NULL, 0, 0),
('HD192', 'DP192', 'LUCIA006', '2026-05-25 12:37:00.000', 7200000, 500000, 1200000, 0.1, 9250000, 10450000, N'HOA_DON_PHONG', N'DA_THANH_TOAN', N'Tra muon 3 ngay - phu thu 50%', 0, 1800000),
('HD193', 'DP193', 'LUCIA006', '2026-05-19 14:10:00.000', 3000000, 400000, 1000000, 0.1, 3840000, 4840000, N'HOA_DON_PHONG', N'DA_THANH_TOAN', N'Tra muon 2 ngay - phu thu 50%', 0, 1000000),
('HD194', 'DP194', 'LUCIA007', '2026-05-16 08:08:00.000', 0, 0, 700000, 0.1, 0, 0, N'HOA_DON_HOAN_TIEN', N'DA_HOAN_COC', N'Hoan coc do huy som', 0, 0);

-- [BANG CHITIETHOADON]
INSERT INTO ChiTietHoaDon (maCTHD, maHD, maCTDP, thoiGianLuuTru, thanhTien, phu_thu, phu_phi_tra_muon) VALUES
('CTHD0001', 'HD001', 'CTDP0001', 4, 1540000, 0, 150000),
('CTHD0002', 'HD002', 'CTDP0002', 3, 1500000, 0, 0),
('CTHD0003', 'HD003', 'CTDP0003', 5, 2600000, 0, 0),
('CTHD0004', 'HD003', 'CTDP0004', 5, 3000000, 0, 0),
('CTHD0005', 'HD003', 'CTDP0005', 5, 3500000, 0, 0),
('CTHD0006', 'HD004', 'CTDP0006', 4, 2800000, 0, 350000),
('CTHD0007', 'HD004', 'CTDP0007', 4, 2800000, 0, 350000),
('CTHD0008', 'HD005', 'CTDP0008', 1, 1940000, 0, 0),
('CTHD0009', 'HD005', 'CTDP0009', 1, 500000, 0, 0),
('CTHD0010', 'HD008', 'CTDP0013', 4, 4600000, 0, 0),
('CTHD0011', 'HD010', 'CTDP0017', 1, 300000, 0, 0),
('CTHD0012', 'HD010', 'CTDP0018', 1, 1580000, 0, 0),
('CTHD0013', 'HD011', 'CTDP0019', 3, 900000, 0, 0),
('CTHD0014', 'HD013', 'CTDP0023', 2, 1000000, 0, 0),
('CTHD0015', 'HD014', 'CTDP0024', 2, 1600000, 0, 0),
('CTHD0016', 'HD014', 'CTDP0025', 2, 2240000, 0, 0),
('CTHD0017', 'HD015', 'CTDP0026', 4, 4640000, 0, 0),
('CTHD0018', 'HD018', 'CTDP0031', 2, 1690000, 0, 0),
('CTHD0019', 'HD020', 'CTDP0034', 4, 2400000, 0, 0),
('CTHD0020', 'HD021', 'CTDP0035', 4, 1600000, 0, 0),
('CTHD0021', 'HD022', 'CTDP0036', 3, 2320000, 0, 250000),
('CTHD0022', 'HD022', 'CTDP0037', 3, 1500000, 0, 250000),
('CTHD0023', 'HD022', 'CTDP0038', 3, 2700000, 0, 300000),
('CTHD0024', 'HD023', 'CTDP0039', 3, 2900000, 0, 250000),
('CTHD0025', 'HD025', 'CTDP0042', 5, 2145000, 0, 150000),
('CTHD0026', 'HD025', 'CTDP0043', 5, 3130000, 0, 250000),
('CTHD0027', 'HD027', 'CTDP0047', 5, 3500000, 0, 0),
('CTHD0028', 'HD028', 'CTDP0048', 4, 1290000, 0, 0),
('CTHD0029', 'HD029', 'CTDP0049', 1, 1000000, 0, 0),
('CTHD0030', 'HD030', 'CTDP0050', 2, 1400000, 0, 0),
('CTHD0031', 'HD030', 'CTDP0051', 2, 2000000, 0, 0),
('CTHD0032', 'HD033', 'CTDP0055', 1, 600000, 0, 0),
('CTHD0033', 'HD034', 'CTDP0056', 1, 300000, 0, 0),
('CTHD0034', 'HD034', 'CTDP0057', 1, 2430000, 0, 0),
('CTHD0035', 'HD034', 'CTDP0058', 1, 300000, 0, 0),
('CTHD0036', 'HD035', 'CTDP0059', 5, 5000000, 0, 0),
('CTHD0037', 'HD035', 'CTDP0060', 5, 2200000, 0, 0),
('CTHD0038', 'HD037', 'CTDP0063', 3, 2500000, 0, 0),
('CTHD0039', 'HD037', 'CTDP0064', 3, 2200000, 0, 0),
('CTHD0040', 'HD038', 'CTDP0065', 1, 375000, 0, 0),
('CTHD0041', 'HD039', 'CTDP0066', 1, 955000, 0, 0),
('CTHD0042', 'HD040', 'CTDP0067', 2, 1460000, 0, 0),
('CTHD0043', 'HD040', 'CTDP0068', 2, 2000000, 0, 0),
('CTHD0044', 'HD040', 'CTDP0069', 2, 2145000, 0, 0),
('CTHD0045', 'HD041', 'CTDP0070', 3, 2500000, 0, 0),
('CTHD0046', 'HD042', 'CTDP0071', 1, 700000, 0, 0),
('CTHD0047', 'HD043', 'CTDP0072', 1, 700000, 0, 0),
('CTHD0048', 'HD043', 'CTDP0073', 1, 700000, 0, 0),
('CTHD0049', 'HD044', 'CTDP0074', 1, 1600000, 0, 0),
('CTHD0050', 'HD045', 'CTDP0075', 3, 1800000, 0, 0),
('CTHD0051', 'HD045', 'CTDP0076', 3, 3200000, 0, 0),
('CTHD0052', 'HD046', 'CTDP0077', 2, 2900000, 0, 300000),
('CTHD0053', 'HD047', 'CTDP0078', 5, 5430000, 0, 0),
('CTHD0054', 'HD047', 'CTDP0079', 5, 3100000, 0, 0),
('CTHD0055', 'HD048', 'CTDP0080', 3, 1500000, 0, 0),
('CTHD0056', 'HD048', 'CTDP0081', 3, 2940000, 0, 0),
('CTHD0057', 'HD049', 'CTDP0082', 3, 1800000, 0, 0),
('CTHD0058', 'HD049', 'CTDP0083', 3, 3200000, 0, 0),
('CTHD0059', 'HD051', 'CTDP0086', 3, 1500000, 0, 250000),
('CTHD0060', 'HD053', 'CTDP0088', 3, 2430000, 0, 0),
('CTHD0061', 'HD054', 'CTDP0089', 6, 3920000, 0, 250000),
('CTHD0062', 'HD054', 'CTDP0090', 6, 3000000, 0, 250000),
('CTHD0063', 'HD055', 'CTDP0091', 3, 1800000, 0, 0),
('CTHD0064', 'HD055', 'CTDP0092', 3, 1800000, 0, 0),
('CTHD0065', 'HD056', 'CTDP0093', 4, 2440000, 0, 0),
('CTHD0066', 'HD057', 'CTDP0094', 4, 2900000, 0, 700000),
('CTHD0067', 'HD057', 'CTDP0095', 4, 2000000, 0, 500000),
('CTHD0068', 'HD058', 'CTDP0096', 4, 2800000, 0, 350000),
('CTHD0069', 'HD058', 'CTDP0097', 4, 2800000, 0, 350000),
('CTHD0070', 'HD059', 'CTDP0098', 1, 1200000, 0, 0),
('CTHD0071', 'HD059', 'CTDP0099', 1, 2680000, 0, 0),
('CTHD0072', 'HD060', 'CTDP0100', 2, 3200000, 0, 350000),
('CTHD0073', 'HD061', 'CTDP0101', 2, 1370000, 0, 0),
('CTHD0074', 'HD061', 'CTDP0102', 2, 600000, 0, 0),
('CTHD0075', 'HD062', 'CTDP0103', 3, 3845000, 0, 0),
('CTHD0076', 'HD065', 'CTDP0108', 1, 300000, 0, 0),
('CTHD0077', 'HD066', 'CTDP0109', 3, 2300000, 0, 0),
('CTHD0078', 'HD066', 'CTDP0110', 3, 3045000, 0, 0),
('CTHD0079', 'HD067', 'CTDP0111', 1, 1000000, 0, 0),
('CTHD0080', 'HD068', 'CTDP0112', 1, 500000, 0, 0),
('CTHD0081', 'HD068', 'CTDP0113', 1, 2820000, 0, 0),
('CTHD0082', 'HD068', 'CTDP0114', 1, 700000, 0, 0),
('CTHD0083', 'HD069', 'CTDP0115', 3, 2420000, 0, 700000),
('CTHD0084', 'HD071', 'CTDP0117', 2, 1640000, 0, 0),
('CTHD0085', 'HD072', 'CTDP0118', 3, 1500000, 0, 0),
('CTHD0086', 'HD073', 'CTDP0119', 1, 760000, 0, 0),
('CTHD0087', 'HD074', 'CTDP0120', 3, 3000000, 0, 500000),
('CTHD0088', 'HD074', 'CTDP0121', 3, 2400000, 0, 250000),
('CTHD0089', 'HD075', 'CTDP0122', 4, 4000000, 0, 500000),
('CTHD0090', 'HD077', 'CTDP0125', 3, 1800000, 0, 0),
('CTHD0091', 'HD078', 'CTDP0126', 2, 1200000, 0, 0),
('CTHD0092', 'HD079', 'CTDP0127', 4, 5660000, 0, 500000),
('CTHD0093', 'HD080', 'CTDP0128', 4, 2760000, 0, 250000),
('CTHD0094', 'HD081', 'CTDP0129', 4, 1200000, 0, 150000),
('CTHD0095', 'HD081', 'CTDP0130', 4, 5860000, 0, 500000),
('CTHD0096', 'HD081', 'CTDP0131', 4, 2400000, 0, 300000),
('CTHD0097', 'HD082', 'CTDP0132', 3, 1500000, 0, 0),
('CTHD0098', 'HD083', 'CTDP0133', 3, 2100000, 0, 0),
('CTHD0099', 'HD083', 'CTDP0134', 3, 2000000, 0, 0),
('CTHD0100', 'HD083', 'CTDP0135', 3, 900000, 0, 0),
('CTHD0101', 'HD084', 'CTDP0136', 2, 2200000, 0, 0),
('CTHD0102', 'HD085', 'CTDP0137', 1, 1400000, 0, 0),
('CTHD0103', 'HD086', 'CTDP0138', 1, 600000, 0, 0),
('CTHD0104', 'HD087', 'CTDP0139', 3, 2100000, 0, 350000),
('CTHD0105', 'HD089', 'CTDP0142', 3, 2100000, 0, 0),
('CTHD0106', 'HD089', 'CTDP0143', 3, 1500000, 0, 0),
('CTHD0107', 'HD089', 'CTDP0144', 3, 1360000, 0, 0),
('CTHD0108', 'HD090', 'CTDP0145', 4, 2000000, 0, 0),
('CTHD0109', 'HD090', 'CTDP0146', 4, 4415000, 0, 0),
('CTHD0110', 'HD090', 'CTDP0147', 4, 2880000, 0, 0),
('CTHD0111', 'HD091', 'CTDP0148', 5, 4260000, 0, 600000),
('CTHD0112', 'HD091', 'CTDP0149', 5, 2700000, 0, 500000),
('CTHD0113', 'HD091', 'CTDP0150', 5, 3500000, 0, 700000),
('CTHD0114', 'HD092', 'CTDP0151', 3, 900000, 0, 150000),
('CTHD0115', 'HD092', 'CTDP0152', 3, 1800000, 0, 300000),
('CTHD0116', 'HD092', 'CTDP0153', 3, 2100000, 0, 350000),
('CTHD0117', 'HD093', 'CTDP0154', 3, 2850000, 0, 250000),
('CTHD0118', 'HD095', 'CTDP0158', 2, 1400000, 0, 0),
('CTHD0119', 'HD095', 'CTDP0159', 2, 1200000, 0, 0),
('CTHD0120', 'HD097', 'CTDP0161', 5, 3000000, 0, 0),
('CTHD0121', 'HD097', 'CTDP0162', 5, 2400000, 0, 0),
('CTHD0122', 'HD098', 'CTDP0163', 2, 1400000, 0, 0),
('CTHD0123', 'HD099', 'CTDP0164', 1, 1760000, 0, 0),
('CTHD0124', 'HD099', 'CTDP0165', 1, 1160000, 0, 0),
('CTHD0125', 'HD102', 'CTDP0169', 3, 3220000, 0, 0),
('CTHD0126', 'HD102', 'CTDP0170', 3, 2100000, 0, 0),
('CTHD0127', 'HD102', 'CTDP0171', 3, 2900000, 0, 0),
('CTHD0128', 'HD103', 'CTDP0172', 7, 2800000, 0, 450000),
('CTHD0129', 'HD103', 'CTDP0173', 7, 4785000, 0, 750000),
('CTHD0130', 'HD104', 'CTDP0174', 4, 1200000, 0, 0),
('CTHD0131', 'HD104', 'CTDP0175', 4, 2000000, 0, 0),
('CTHD0132', 'HD104', 'CTDP0176', 4, 5300000, 0, 0),
('CTHD0133', 'HD106', 'CTDP0178', 1, 300000, 0, 0),
('CTHD0134', 'HD106', 'CTDP0179', 1, 600000, 0, 0),
('CTHD0135', 'HD106', 'CTDP0180', 1, 1900000, 0, 0),
('CTHD0136', 'HD107', 'CTDP0181', 2, 2200000, 0, 0),
('CTHD0137', 'HD108', 'CTDP0182', 3, 1540000, 0, 0),
('CTHD0138', 'HD108', 'CTDP0183', 3, 1800000, 0, 0),
('CTHD0139', 'HD109', 'CTDP0184', 1, 840000, 0, 0),
('CTHD0140', 'HD110', 'CTDP0185', 2, 1200000, 0, 300000),
('CTHD0141', 'HD111', 'CTDP0186', 3, 2900000, 0, 350000),
('CTHD0142', 'HD113', 'CTDP0188', 2, 1400000, 0, 0),
('CTHD0143', 'HD113', 'CTDP0189', 2, 2500000, 0, 0),
('CTHD0144', 'HD113', 'CTDP0190', 2, 1200000, 0, 0),
('CTHD0145', 'HD114', 'CTDP0191', 2, 1500000, 0, 150000),
('CTHD0146', 'HD115', 'CTDP0192', 2, 1700000, 0, 350000),
('CTHD0147', 'HD115', 'CTDP0193', 2, 1400000, 0, 350000),
('CTHD0148', 'HD115', 'CTDP0194', 2, 2000000, 0, 500000),
('CTHD0149', 'HD116', 'CTDP0195', 3, 900000, 0, 0),
('CTHD0150', 'HD116', 'CTDP0196', 3, 2100000, 0, 0),
('CTHD0151', 'HD116', 'CTDP0197', 3, 3000000, 0, 0),
('CTHD0152', 'HD117', 'CTDP0198', 3, 3015000, 0, 500000),
('CTHD0153', 'HD117', 'CTDP0199', 3, 1800000, 0, 300000),
('CTHD0154', 'HD119', 'CTDP0201', 5, 3860000, 0, 0),
('CTHD0155', 'HD121', 'CTDP0203', 3, 1900000, 0, 250000),
('CTHD0156', 'HD121', 'CTDP0204', 3, 3960000, 0, 500000),
('CTHD0157', 'HD121', 'CTDP0205', 3, 1600000, 0, 150000),
('CTHD0158', 'HD122', 'CTDP0206', 2, 2100000, 0, 0),
('CTHD0159', 'HD122', 'CTDP0207', 2, 1400000, 0, 0),
('CTHD0160', 'HD123', 'CTDP0208', 1, 1100000, 0, 0),
('CTHD0161', 'HD123', 'CTDP0209', 1, 600000, 0, 0),
('CTHD0162', 'HD124', 'CTDP0210', 2, 900000, 0, 0),
('CTHD0163', 'HD125', 'CTDP0211', 2, 2530000, 0, 0),
('CTHD0164', 'HD125', 'CTDP0212', 2, 2100000, 0, 0),
('CTHD0165', 'HD126', 'CTDP0213', 1, 1000000, 0, 0),
('CTHD0166', 'HD127', 'CTDP0214', 2, 920000, 0, 0),
('CTHD0167', 'HD127', 'CTDP0215', 2, 640000, 0, 0),
('CTHD0168', 'HD128', 'CTDP0216', 3, 3960000, 0, 350000),
('CTHD0169', 'HD128', 'CTDP0217', 3, 1220000, 0, 150000),
('CTHD0170', 'HD129', 'CTDP0218', 2, 1280000, 0, 0),
('CTHD0171', 'HD130', 'CTDP0219', 2, 2060000, 0, 0),
('CTHD0172', 'HD130', 'CTDP0220', 2, 1000000, 0, 0),
('CTHD0173', 'HD131', 'CTDP0221', 5, 4890000, 0, 350000),
('CTHD0174', 'HD132', 'CTDP0222', 4, 2800000, 0, 0),
('CTHD0175', 'HD132', 'CTDP0223', 4, 2000000, 0, 0),
('CTHD0176', 'HD135', 'CTDP0227', 2, 2000000, 0, 0),
('CTHD0177', 'HD135', 'CTDP0228', 2, 2000000, 0, 0),
('CTHD0178', 'HD136', 'CTDP0229', 5, 3815000, 0, 0),
('CTHD0179', 'HD136', 'CTDP0230', 5, 3000000, 0, 0),
('CTHD0180', 'HD136', 'CTDP0231', 5, 5300000, 0, 0),
('CTHD0181', 'HD137', 'CTDP0232', 3, 2400000, 0, 700000),
('CTHD0182', 'HD138', 'CTDP0233', 4, 1800000, 0, 0),
('CTHD0183', 'HD140', 'CTDP0235', 4, 2430000, 0, 300000),
('CTHD0184', 'HD140', 'CTDP0236', 4, 2800000, 0, 350000),
('CTHD0185', 'HD142', 'CTDP0240', 2, 1420000, 0, 0),
('CTHD0186', 'HD143', 'CTDP0241', 5, 5600000, 0, 500000),
('CTHD0187', 'HD143', 'CTDP0242', 5, 2700000, 0, 250000),
('CTHD0188', 'HD143', 'CTDP0243', 5, 2500000, 0, 250000),
('CTHD0189', 'HD144', 'CTDP0244', 5, 3000000, 0, 300000),
('CTHD0190', 'HD144', 'CTDP0245', 5, 1660000, 0, 150000),
('CTHD0191', 'HD145', 'CTDP0246', 4, 4940000, 0, 500000),
('CTHD0192', 'HD145', 'CTDP0247', 4, 2580000, 0, 150000),
('CTHD0193', 'HD145', 'CTDP0248', 4, 2400000, 0, 300000),
('CTHD0194', 'HD146', 'CTDP0249', 2, 1550000, 0, 0),
('CTHD0195', 'HD147', 'CTDP0250', 3, 2100000, 0, 350000),
('CTHD0196', 'HD147', 'CTDP0251', 3, 2645000, 0, 350000),
('CTHD0197', 'HD148', 'CTDP0252', 2, 1375000, 0, 0),
('CTHD0198', 'HD148', 'CTDP0253', 2, 1490000, 0, 0),
('CTHD0199', 'HD149', 'CTDP0254', 3, 2100000, 0, 350000),
('CTHD0200', 'HD149', 'CTDP0255', 3, 1905000, 0, 250000),
('CTHD0201', 'HD150', 'CTDP0256', 2, 3000000, 0, 0),
('CTHD0202', 'HD150', 'CTDP0257', 2, 1000000, 0, 0),
('CTHD0203', 'HD153', 'CTDP0260', 2, 600000, 0, 0),
('CTHD0204', 'HD154', 'CTDP0261', 5, 5000000, 0, 500000),
('CTHD0205', 'HD156', 'CTDP0264', 2, 1200000, 0, 0),
('CTHD0206', 'HD156', 'CTDP0265', 2, 2000000, 0, 0),
('CTHD0207', 'HD157', 'CTDP0266', 2, 3400000, 0, 350000),
('CTHD0208', 'HD158', 'CTDP0267', 1, 1220000, 0, 0),
('CTHD0209', 'HD158', 'CTDP0268', 1, 1000000, 0, 0),
('CTHD0210', 'HD158', 'CTDP0269', 1, 1005000, 0, 0),
('CTHD0211', 'HD159', 'CTDP0270', 3, 4500000, 0, 0),
('CTHD0212', 'HD160', 'CTDP0271', 3, 3000000, 0, 500000),
('CTHD0213', 'HD160', 'CTDP0272', 3, 2400000, 0, 300000),
('CTHD0214', 'HD163', 'CTDP0276', 3, 2380000, 0, 0),
('CTHD0215', 'HD163', 'CTDP0277', 3, 1800000, 0, 0),
('CTHD0216', 'HD164', 'CTDP0278', 2, 2390000, 0, 350000),
('CTHD0217', 'HD165', 'CTDP0279', 5, 3500000, 0, 0),
('CTHD0218', 'HD165', 'CTDP0280', 5, 5000000, 0, 0),
('CTHD0219', 'HD168', 'CTDP0283', 3, 900000, 0, 0),
('CTHD0220', 'HD170', 'CTDP0286', 2, 1280000, 0, 0),
('CTHD0221', 'HD171', 'CTDP0287', 4, 4800000, 0, 0),
('CTHD0222', 'HD171', 'CTDP0288', 4, 2000000, 0, 0),
('CTHD0223', 'HD172', 'CTDP0289', 3, 2260000, 0, 0),
('CTHD0224', 'HD174', 'CTDP0291', 4, 2860000, 0, 0),
('CTHD0225', 'HD175', 'CTDP0292', 5, 3860000, 0, 600000),
('CTHD0226', 'HD175', 'CTDP0293', 5, 3000000, 0, 600000),
('CTHD0227', 'HD176', 'CTDP0294', 1, 410000, 0, 0),
('CTHD0228', 'HD176', 'CTDP0295', 1, 900000, 0, 0),
('CTHD0229', 'HD177', 'CTDP0296', 2, 600000, 0, 0),
('CTHD0230', 'HD178', 'CTDP0297', 2, 2930000, 0, 0),
('CTHD0231', 'HD179', 'CTDP0298', 3, 1320000, 0, 0),
('CTHD0232', 'HD181', 'CTDP0302', 6, 3000000, 0, 250000),
('CTHD0233', 'HD181', 'CTDP0303', 6, 3300000, 0, 250000),
('CTHD0234', 'HD181', 'CTDP0304', 6, 1890000, 0, 150000),
('CTHD0235', 'HD184', 'CTDP0309', 1, 700000, 0, 0),
('CTHD0236', 'HD185', 'CTDP0310', 2, 1800000, 0, 0),
('CTHD0237', 'HD186', 'CTDP0311', 4, 3220000, 0, 350000),
('CTHD0238', 'HD186', 'CTDP0312', 4, 2115000, 0, 150000),
('CTHD0239', 'HD187', 'CTDP0313', 2, 1400000, 0, 0),
('CTHD0240', 'HD187', 'CTDP0314', 2, 1960000, 0, 0),
('CTHD0241', 'HD189', 'CTDP0316', 3, 1500000, 0, 0),
('CTHD0242', 'HD189', 'CTDP0317', 3, 900000, 0, 0),
('CTHD0243', 'HD189', 'CTDP0318', 3, 3000000, 0, 0),
('CTHD0244', 'HD191', 'CTDP0320', 3, 2100000, 0, 0),
('CTHD0245', 'HD191', 'CTDP0321', 3, 1500000, 0, 0),
('CTHD0246', 'HD192', 'CTDP0322', 6, 3000000, 0, 750000),
('CTHD0247', 'HD192', 'CTDP0323', 6, 4700000, 0, 1050000),
('CTHD0248', 'HD193', 'CTDP0324', 3, 3400000, 0, 1000000);


-- Cập nhật danh sách tiện nghi sinh hoạt (Loại bỏ thiết bị điện tử)
INSERT INTO TienNghi (maTN, tenTN, moTa, trangThai) VALUES
('TN101', N'Bộ vệ sinh cá nhân (lớn)', N'Đồ dùng dùng 1 lần  như bàn chải, kem, lược, xà phòng, dầu gội, sữa tắm, khăn.', 1),
('TN102', N'Nước khoáng', N'Nước đóng chai thủy tinh được để trong tủ lạnh mini', 1),
('TN103', N'Nước ngọt', N'Để trong tủ lạnh mini', 1),
('TN104', N'Bộ vệ sinh cá nhân 1 lần cho bé', N'Bàn chải, kem, lược, xà phòng, dầu gội, sữa tắm, khăn', 1),
('TN105', N'Cà phê gói', N'kèm theo 1 gói đường tinh luyện + 1 gói đường ăn kiên, muỗn, ly', 1),
('TN106', N'Trái cây chào mừng', N'Trái cây tươi theo mùa, đĩa sứ, dao nĩa nhỏ', 1),
('TN107', N'Sữa dưỡng thể', N'', 1),
('TN108', N'Bông tẩy trang', N'', 1);


-- Gán tiện nghi cho từng loại phòng
INSERT INTO LoaiPhongTienNghi (maLoaiPhong, maTN, soLuong) VALUES
-- SINGLE (Sức chứa 1): Cơ bản
('SINGLE', 'TN101', 1), ('SINGLE', 'TN102', 2), ('SINGLE', 'TN105', 1),

-- DOUBLE (Sức chứa 2): Tiện nghi cho cặp đôi
('DOUBLE', 'TN101', 2), ('DOUBLE', 'TN102', 2), ('DOUBLE', 'TN103', 2), 
('DOUBLE', 'TN105', 2), ('DOUBLE', 'TN107', 1), ('DOUBLE', 'TN108', 1),

-- TWIN (Sức chứa 2): Giống Double nhưng đồ dùng cá nhân tách biệt rõ ràng
('TWIN',   'TN101', 2), ('TWIN',   'TN102', 4), ('TWIN',   'TN103', 2), 
('TWIN',   'TN105', 2), ('TWIN',   'TN107', 2), ('TWIN',   'TN108', 2),

-- TRIPLE (Sức chứa 3): Đầy đủ cho nhóm, cộng thêm ưu đãi trái cây
('TRIPLE', 'TN101', 3), ('TRIPLE', 'TN102', 6), ('TRIPLE', 'TN103', 3), 
('TRIPLE', 'TN105', 3), ('TRIPLE', 'TN107', 2), ('TRIPLE', 'TN108', 2), ('TRIPLE', 'TN106', 1),

-- FAMILY (Sức chứa 4): Tiện nghi tối đa, có set cho bé và trái cây
('FAMILY', 'TN101', 2), ('FAMILY', 'TN102', 8), ('FAMILY', 'TN103', 4), 
('FAMILY', 'TN104', 2), ('FAMILY', 'TN105', 4), ('FAMILY', 'TN107', 2), 
('FAMILY', 'TN108', 2), ('FAMILY', 'TN106', 1);

GO



